"shopee-header-section__header__title","shopee-button-no-outline","contents href","_image_yazkc_11 src","_image_yazkc_11 src 2","whitespace-normal","_image_yazkc_11 src 3","font-medium","font-medium 2","h-4","truncate","inline-block src","inline-block","truncate 2","contents href 2","_image_yazkc_11 src 4","whitespace-normal 2","font-medium 4","inline-block 2","truncate 3","contents href 3","_image_yazkc_11 src 7","whitespace-normal 3","font-medium 6","h-4 2","truncate 4","inline-block 3","truncate 5","contents href 4","_image_yazkc_11 src 10","whitespace-normal 4","font-medium 8","h-4 3","truncate 6","inline-block 4","truncate 7","contents href 5","_image_yazkc_11 src 13","_image_yazkc_11 src 14","whitespace-normal 5","_image_yazkc_11 src 15","font-medium 9","font-medium 10","h-4 4","truncate 8","inline-block src 5","inline-block 5","truncate 9","contents href 6","_image_yazkc_11 src 16","whitespace-normal 6","font-medium 12","inline-block 6"
"","","","","","","","","","","","","","","","","","","","","","","","","","","","","","","","","","","","","","","","","","","","","","","","","","","","",""
"Kamu Mungkin Suka","Lihat Semua","https://shopee.co.id/adidas-Lifestyle-K-74-Shoes-Unisex-Black-IG8951-i.270510657.41565258490?extraParams=%7B%22display_model_id%22%3A248800641052%2C%22model_selection_logic%22%3A3%7D","https://down-id.img.susercontent.com/file/id-11134211-8224s-mfuwmqy1ep7253","https://down-id.img.susercontent.com/file/id-11134258-822wn-mlx9cgtbn85k12","adidas Lifestyle K 74 Shoes Unisex Black IG8951","https://down-id.img.susercontent.com/file/id-11134258-7r98z-lykpu80ygbvs76","Rp","1.050.000","-30%","Pilih 2, diskon 15%","https://down-id.img.susercontent.com/file/id-11134258-7r98o-ly1pxywrszyh0b_tn.webp","4.9","1RB+ terjual","https://shopee.co.id/adidas-Football-adidas-Football-Official-Manchester-United-Fan-Jersey-Men-Red-KR2562-i.270510657.54351363532?extraParams=%7B%22display_model_id%22%3A350124910366%2C%22model_selection_logic%22%3A3%7D","https://down-id.img.susercontent.com/file/sg-11134201-821dt-mh173ku78yko4e","adidas Football adidas Football Official Manchester United Fan Jersey Men Red KR2562","350.000","4.9","1RB+ terjual","https://shopee.co.id/adidas-Lifestyle-VL-Court-3.0-Shoes-Men-White-JR8635-i.270510657.44374576355?extraParams=%7B%22display_model_id%22%3A29948762946%2C%22model_selection_logic%22%3A3%7D","https://down-id.img.susercontent.com/file/id-11134211-822wu-mlvt7uw3b9jcef","adidas Lifestyle VL Court 3.0 Shoes Men White JR8635","770.000","-30%","Pilih 2, diskon 15%","5.0","863 terjual","https://shopee.co.id/adidas-Running-Duramo-SL-2-Running-Shoes-Men-Green-JP9203-i.270510657.50702661816?extraParams=%7B%22display_model_id%22%3A287231685906%2C%22model_selection_logic%22%3A3%7D","https://down-id.img.susercontent.com/file/sg-11134201-8260f-mkjg6g5zeg3pd6","adidas Running Duramo SL 2 Running Shoes Men Green JP9203","810.000","-10%","Pilih 2, diskon 15%","4.9","120 terjual","https://shopee.co.id/adidas-Football-Manchester-United-25-26-Home-Jersey-Men-Red-JI7428-i.270510657.53802871790?extraParams=%7B%22display_model_id%22%3A375276703426%2C%22model_selection_logic%22%3A3%7D","https://down-id.img.susercontent.com/file/sg-11134201-822yk-mi2tyyh6nim88b","https://down-id.img.susercontent.com/file/id-11134258-822wn-mlx9cgtbn85k12","adidas Football Manchester United 25/26 Home Jersey Men Red JI7428","https://down-id.img.susercontent.com/file/id-11134258-7r98z-lykpu80ygbvs76","Rp","960.000","-20%","Pilih 2, diskon 15%","https://down-id.img.susercontent.com/file/id-11134258-7r98o-ly1pxywrszyh0b_tn.webp","5.0","455 terjual","https://shopee.co.id/adidas-Running-Duramo-SL-2-Running-Shoes-Women-Purple-JQ0604-i.270510657.27143527483?extraParams=%7B%22display_model_id%22%3A282135108081%2C%22model_selection_logic%22%3A3%7D","https://down-id.img.susercontent.com/file/id-11134211-822wu-mnz5qku5xlhc6c","adidas Running Duramo SL 2 Running Shoes Women Purple JQ0604","900.000","4.9"
"","Lihat Semua","https://shopee.co.id/adidas-Running-Duramo-SL-Shoes-Men-Black-IE7261-i.270510657.24088518695?extraParams=%7B%22display_model_id%22%3A59488997918%2C%22model_selection_logic%22%3A3%7D","https://down-id.img.susercontent.com/file/id-11134201-7rbkd-maurn8k7suj63a","https://down-id.img.susercontent.com/file/id-11134258-822wn-mlx9cgtbn85k12","adidas Running Duramo SL Shoes Men Black IE7261","https://down-id.img.susercontent.com/file/id-11134258-7r98z-lykpu80ygbvs76","Rp","630.000","","1RB+ terjual","","","2RB+ terjual","https://shopee.co.id/adidas-Swimming-Lifestyle-Adilette-Aqua-Slides-Unisex-Blue-IF0895-i.270510657.25038525604?extraParams=%7B%22display_model_id%22%3A257063130464%2C%22model_selection_logic%22%3A3%7D","https://down-id.img.susercontent.com/file/sg-11134201-81ztj-mmtntq54hgy0d8","adidas Swimming & Lifestyle Adilette Aqua Slides Unisex Blue IF0895","266.000","","4RB+ terjual","https://shopee.co.id/adidas-Running-Galaxy-6-Shoes-Men-Black-GW3848-i.270510657.27968082495?extraParams=%7B%22display_model_id%22%3A242062674716%2C%22model_selection_logic%22%3A3%7D","https://down-id.img.susercontent.com/file/sg-11134201-8260o-mlvutoj40sg8b4","adidas Running Galaxy 6 Shoes Men Black GW3848","595.000","","Garansi Harga Terbaik","","4RB+ terjual","https://shopee.co.id/adidas-Running-Galaxy-6-Shoes-Women-Black-GW3847-i.270510657.26668098265?extraParams=%7B%22display_model_id%22%3A227041986382%2C%22model_selection_logic%22%3A3%7D","https://down-id.img.susercontent.com/file/sg-11134201-82597-mg8p7nutznrdfd","adidas Running Galaxy 6 Shoes Women Black GW3847","595.000","","Garansi Harga Terbaik","","1RB+ terjual","https://shopee.co.id/adidas-Running-Galaxy-6-Shoes-Women-Black-IE8149-i.270510657.27968086255?extraParams=%7B%22display_model_id%22%3A247062923467%2C%22model_selection_logic%22%3A3%7D","https://down-id.img.susercontent.com/file/id-11134201-7rbkb-mauqu0ibcpsib9","https://down-id.img.susercontent.com/file/id-11134258-822wn-mlx9cgtbn85k12","adidas Running Galaxy 6 Shoes Women Black IE8149","https://down-id.img.susercontent.com/file/id-11134258-7r98z-lykpu80ygbvs76","Rp","595.000","","3RB+ terjual","","","","https://shopee.co.id/adidas-Lifestyle-Classic-Badge-of-Sport-Backpack-Unisex-Black-HG0349-i.270510657.26468092142?extraParams=%7B%22display_model_id%22%3A247063315953%2C%22model_selection_logic%22%3A3%7D","https://down-id.img.susercontent.com/file/id-11134201-7rbkd-maura29lvh5l72","adidas Lifestyle Classic Badge of Sport Backpack Unisex Black HG0349","280.000",""
"Apply voucher for extra 5% Off","Lihat Semua","https://shopee.co.id/adidas-Running-Ultrarun-5-Running-Shoes-Men-Grey-JQ6941-i.270510657.58151590642?extraParams=%7B%22display_model_id%22%3A320146118900%2C%22model_selection_logic%22%3A3%7D","https://down-id.img.susercontent.com/file/sg-11134201-821fm-mh72jfi4a8zz80","https://down-id.img.susercontent.com/file/id-11134258-822wn-mlx9cgtbn85k12","adidas Running Ultrarun 5 Running Shoes Men Grey JQ6941","https://down-id.img.susercontent.com/file/id-11134258-7r98z-lykpu80ygbvs76","Rp","1.300.000","-30%","114 terjual","https://down-id.img.susercontent.com/file/id-11134258-7r98o-ly1pxywrszyh0b_tn.webp","4.9","Pilih 2, diskon 15%","https://shopee.co.id/adidas-Running-adi365-Running-Essentials-Brand-Love-T-shirt-Men-Brown-KC4274-i.270510657.57700433079?extraParams=%7B%22display_model_id%22%3A307105758731%2C%22model_selection_logic%22%3A3%7D","https://down-id.img.susercontent.com/file/sg-11134201-825aq-mgfrukpz35zga4","adidas Running adi365 Running Essentials Brand Love T-shirt Men Brown KC4274","385.000","5.0","83 terjual","https://shopee.co.id/adidas-Running-Duramo-Speed-2-Running-Shoes-Women-White-JP9239-i.270510657.57550998679?extraParams=%7B%22display_model_id%22%3A262135323625%2C%22model_selection_logic%22%3A3%7D","https://down-id.img.susercontent.com/file/sg-11134201-81zu6-mig3bxivtq1451","adidas Running Duramo Speed 2 Running Shoes Women White JP9239","1.400.000","-10%","188 terjual","5.0","Pilih 2, diskon 15%","https://shopee.co.id/adidas-Lifestyle-BARREDA-LO-Shoes-Men-White-JR4618-i.270510657.57350443286?extraParams=%7B%22display_model_id%22%3A267106011858%2C%22model_selection_logic%22%3A3%7D","https://down-id.img.susercontent.com/file/id-11134211-8224w-mk0qvoj36mtd67","adidas Lifestyle BARREDA LO Shoes Men White JR4618","810.000","-10%","109 terjual","5.0","244 terjual","https://shopee.co.id/adidas-Running-Runfalcon-5-Running-Shoes-Women-Purple-JQ9399-i.270510657.57301008383?extraParams=%7B%22display_model_id%22%3A267135347978%2C%22model_selection_logic%22%3A3%7D","https://down-id.img.susercontent.com/file/sg-11134201-821ep-mgsqnoaoo8b2fa","https://down-id.img.susercontent.com/file/id-11134258-822wn-mlx9cgtbn85k12","adidas Running Runfalcon 5 Running Shoes Women Purple JQ9399","https://down-id.img.susercontent.com/file/id-11134258-7r98z-lykpu80ygbvs76","Rp","850.000","","Pilih 2, diskon 15%","https://down-id.img.susercontent.com/file/id-11134258-7r98o-ly1pxywrszyh0b_tn.webp","5.0","106 terjual","https://shopee.co.id/adidas-Gym-Training-Metal-Bottle-Straw-0.6-Liter-Unisex-Pink-KC6410-i.270510657.53803528009?extraParams=%7B%22display_model_id%22%3A198792130168%2C%22model_selection_logic%22%3A3%7D","https://down-id.img.susercontent.com/file/sg-11134201-81zvt-mim8qnaxkz5zad","adidas Gym & Training Metal Bottle Straw 0.6 Liter Unisex Pink KC6410","315.000","4.9"
"","Lihat Semua","https://shopee.co.id/adidas-Tennis-Lifestyle-Grand-Court-SE-Shoes-Men-White-FW6688-i.270510657.24088530828?extraParams=%7B%22display_model_id%22%3A157561145431%2C%22model_selection_logic%22%3A3%7D","https://down-id.img.susercontent.com/file/id-11134201-7rbk9-maurn41mes9e41","https://down-id.img.susercontent.com/file/id-11134258-822wn-mlx9cgtbn85k12","adidas Tennis & Lifestyle Grand Court SE Shoes Men White FW6688","https://down-id.img.susercontent.com/file/id-11134258-7r98z-lykpu80ygbvs76","Rp","770.000","","1RB+ terjual","","","66 terjual","https://shopee.co.id/adidas-Lifestyle-Racer-TR23-Shoes-Men-Grey-ID3058-i.270510657.46852456281?extraParams=%7B%22display_model_id%22%3A400235691764%2C%22model_selection_logic%22%3A3%7D","https://down-id.img.susercontent.com/file/sg-11134201-82250-mhr1qdeemcqr7f","adidas Lifestyle Racer TR23 Shoes Men Grey ID3058","840.000","","1RB+ terjual","https://shopee.co.id/adidas-Tennis-Lifestyle-Breaknet-2.0-Shoes-Men-White-IG6885-i.270510657.27478803286?extraParams=%7B%22display_model_id%22%3A168762470143%2C%22model_selection_logic%22%3A3%7D","https://down-id.img.susercontent.com/file/sg-11134201-81zuk-mmvacdr1eex21c","adidas Tennis & Lifestyle Breaknet 2.0 Shoes Men White IG6885","630.000","","51 terjual","","112 terjual","https://shopee.co.id/adidas-Tennis-Lifestyle-Advantage-Shoes-Women-White-ID9652-i.270510657.27368074748?extraParams=%7B%22display_model_id%22%3A215568503336%2C%22model_selection_logic%22%3A3%7D","https://down-id.img.susercontent.com/file/id-11134201-7rbk2-maur07kywvrt5e","adidas Tennis & Lifestyle Advantage Shoes Women White ID9652","840.000","","1RB+ terjual","","","https://shopee.co.id/adidas-Lifestyle-NY-90-Shoes-Men-Black-GX9704-i.270510657.27018091525?extraParams=%7B%22display_model_id%22%3A148892572562%2C%22model_selection_logic%22%3A3%7D","https://down-id.img.susercontent.com/file/id-11134201-7rbkd-maur4a2qjd2180","https://down-id.img.susercontent.com/file/id-11134258-822wn-mlx9cgtbn85k12","adidas Lifestyle NY 90 Shoes Men Black GX9704","https://down-id.img.susercontent.com/file/id-11134258-7r98z-lykpu80ygbvs76","Rp","770.000","","","","","","https://shopee.co.id/adidas-Lifestyle-GRAND-COURT-2.0-SHOES-Men-Blue-IG9226-i.270510657.27278803313?extraParams=%7B%22display_model_id%22%3A118611839829%2C%22model_selection_logic%22%3A3%7D","https://down-id.img.susercontent.com/file/id-11134201-7rbk2-maur0wxa6grvec","adidas Lifestyle GRAND COURT 2.0 SHOES Men Blue IG9226","770.000",""
"","","","","","","","","","","","","","","","","","","","","","","","","","","","","","","","","","","","","","","","","","","","","","","","","","","","",""
"Bestsellers","Lihat Semua","https://shopee.co.id/adidas-Running-Duramo-SL-Shoes-Men-Black-IE7261-i.270510657.24088518695?extraParams=%7B%22display_model_id%22%3A59488997918%2C%22model_selection_logic%22%3A3%7D","https://down-id.img.susercontent.com/file/id-11134201-7rbkd-maurn8k7suj63a","","adidas Running Duramo SL Shoes Men Black IE7261","","Rp","630.000","","1RB+ Terjual/Bln","","","1RB+ Terjual/Bln","https://shopee.co.id/adidas-Swimming-Lifestyle-Adilette-Aqua-Slides-Unisex-Blue-IF0895-i.270510657.25038525604?extraParams=%7B%22display_model_id%22%3A257063130464%2C%22model_selection_logic%22%3A3%7D","https://down-id.img.susercontent.com/file/sg-11134201-81ztj-mmtntq54hgy0d8","adidas Swimming & Lifestyle Adilette Aqua Slides Unisex Blue IF0895","266.000","","990 Terjual/Bln","https://shopee.co.id/adidas-Running-Galaxy-6-Shoes-Men-Black-GW3848-i.270510657.27968082495?extraParams=%7B%22display_model_id%22%3A242062674716%2C%22model_selection_logic%22%3A3%7D","https://down-id.img.susercontent.com/file/sg-11134201-8260o-mlvutoj40sg8b4","adidas Running Galaxy 6 Shoes Men Black GW3848","595.000","","915 Terjual/Bln","","833 Terjual/Bln","https://shopee.co.id/adidas-Running-Galaxy-6-Shoes-Women-Black-GW3847-i.270510657.26668098265?extraParams=%7B%22display_model_id%22%3A227041986382%2C%22model_selection_logic%22%3A3%7D","https://down-id.img.susercontent.com/file/sg-11134201-82597-mg8p7nutznrdfd","adidas Running Galaxy 6 Shoes Women Black GW3847","595.000","","944 Terjual/Bln","","","https://shopee.co.id/adidas-Running-Galaxy-6-Shoes-Women-Black-IE8149-i.270510657.27968086255?extraParams=%7B%22display_model_id%22%3A247062923467%2C%22model_selection_logic%22%3A3%7D","https://down-id.img.susercontent.com/file/id-11134201-7rbkb-mauqu0ibcpsib9","","adidas Running Galaxy 6 Shoes Women Black IE8149","","Rp","595.000","","","","","","https://shopee.co.id/adidas-Lifestyle-Classic-Badge-of-Sport-Backpack-Unisex-Black-HG0349-i.270510657.26468092142?extraParams=%7B%22display_model_id%22%3A247063315953%2C%22model_selection_logic%22%3A3%7D","https://down-id.img.susercontent.com/file/id-11134201-7rbkd-maura29lvh5l72","adidas Lifestyle Classic Badge of Sport Backpack Unisex Black HG0349","280.000",""
"New Drops","Lihat Semua","https://shopee.co.id/adidas-Lifestyle-Adilette-Shower-Slides-Unisex-White-GZ9508-i.270510657.55801669469?extraParams=%7B%22display_model_id%22%3A405154129160%2C%22model_selection_logic%22%3A3%7D","https://down-id.img.susercontent.com/file/sg-11134201-821gb-mh8aakmw72fde8","https://down-id.img.susercontent.com/file/id-11134258-822wn-mlx9cgtbn85k12","adidas Lifestyle Adilette Shower Slides Unisex White GZ9508","https://down-id.img.susercontent.com/file/id-11134258-7r98z-lykpu80ygbvs76","Rp","450.000","","79 terjual","https://down-id.img.susercontent.com/file/id-11134258-7r98o-ly1pxywrszyh0b_tn.webp","4.6","244 terjual","https://shopee.co.id/adidas-Lifestyle-Adilette-Aqua-Slides-Women-Green-IH9000-i.270510657.41226547107?extraParams=%7B%22display_model_id%22%3A335154134167%2C%22model_selection_logic%22%3A3%7D","https://down-id.img.susercontent.com/file/sg-11134201-821do-mh8aafx0oikr62","adidas Lifestyle Adilette Aqua Slides Women Green IH9000","380.000","4.9","114 terjual","https://shopee.co.id/adidas-Lifestyle-Litecourt-Shoes-Men-White-IH4129-i.270510657.41276503003?extraParams=%7B%22display_model_id%22%3A380146132202%2C%22model_selection_logic%22%3A3%7D","https://down-id.img.susercontent.com/file/sg-11134201-821d9-mh72lqeq16a213","adidas Lifestyle Litecourt Shoes Men White IH4129","950.000","","18 terjual","5.0","59 terjual","https://shopee.co.id/adidas-Running-Duramo-SL-2-Running-Shoes-Men-Grey-JP9206-i.270510657.57601600426?extraParams=%7B%22display_model_id%22%3A410146114559%2C%22model_selection_logic%22%3A3%7D","https://down-id.img.susercontent.com/file/sg-11134201-82280-mhidev8tts084b","adidas Running Duramo SL 2 Running Shoes Men Grey JP9206","900.000","","","4.9","93 terjual","https://shopee.co.id/adidas-Running-Ultrarun-5-Running-Shoes-Men-Grey-JQ6941-i.270510657.58151590642?extraParams=%7B%22display_model_id%22%3A320146118900%2C%22model_selection_logic%22%3A3%7D","https://down-id.img.susercontent.com/file/sg-11134201-821fm-mh72jfi4a8zz80","https://down-id.img.susercontent.com/file/id-11134258-822wn-mlx9cgtbn85k12","adidas Running Ultrarun 5 Running Shoes Men Grey JQ6941","https://down-id.img.susercontent.com/file/id-11134258-7r98z-lykpu80ygbvs76","Rp","1.300.000","","","https://down-id.img.susercontent.com/file/id-11134258-7r98o-ly1pxywrszyh0b_tn.webp","5.0","","https://shopee.co.id/adidas-Running-Ultrarun-5-W-Running-Shoes-Women-Grey-JQ6953-i.270510657.57851590721?extraParams=%7B%22display_model_id%22%3A365146118735%2C%22model_selection_logic%22%3A3%7D","https://down-id.img.susercontent.com/file/sg-11134201-821fo-mh72jafoi5fv63","adidas Running Ultrarun 5 W Running Shoes Women Grey JQ6953","1.300.000","4.9"
"Kategori","","","","","","","","","","","","","","","","","","","","","","","","","","","","","","","","","","","","","","","","","","","","","","","","","","","",""
"Shop all Running Shoes","","https://shopee.co.id/adidas-Running-Runfalcon-5-Running-Shoes-Men-Purple-JR5523-i.270510657.44215257478?extraParams=%7B%22display_model_id%22%3A296261275719%2C%22model_selection_logic%22%3A3%7D","https://down-id.img.susercontent.com/file/sg-11134201-824jj-mdwtq2ujv8jl1c","https://down-id.img.susercontent.com/file/id-11134258-822wn-mlx9cgtbn85k12","adidas Running Runfalcon 5 Running Shoes Men Purple JR5523","https://down-id.img.susercontent.com/file/id-11134258-7r98z-lykpu80ygbvs76","Rp","765.000","-10%","Pilih 2, diskon 15%","https://down-id.img.susercontent.com/file/id-11134258-7r98o-ly1pxywrszyh0b_tn.webp","5.0","29 terjual","https://shopee.co.id/adidas-Running-Duramo-Speed-2-Running-Shoes-Women-Black-IH8211-i.270510657.44101178247?extraParams=%7B%22display_model_id%22%3A295094960350%2C%22model_selection_logic%22%3A3%7D","https://down-id.img.susercontent.com/file/sg-11134201-81ztl-mn4gu7c21khv0e","adidas Running Duramo Speed 2 Running Shoes Women Black IH8211","1.197.000","4.9","Pilih 2, diskon 15%","https://shopee.co.id/adidas-Running-Duramo-Speed-2-Running-Shoes-Men-Blue-JS4415-i.270510657.43515252503?extraParams=%7B%22display_model_id%22%3A261261051228%2C%22model_selection_logic%22%3A3%7D","https://down-id.img.susercontent.com/file/sg-11134201-824g0-mdwqkb94xr7o85","adidas Running Duramo Speed 2 Running Shoes Men Blue JS4415","1.197.000","-14%","1RB+ terjual","5.0","Pilih 2, diskon 15%","https://shopee.co.id/adidas-Running-Duramo-Speed-2-Running-Shoes-Men-Black-IH8201-i.270510657.43451183092?extraParams=%7B%22display_model_id%22%3A216085502354%2C%22model_selection_logic%22%3A3%7D","https://down-id.img.susercontent.com/file/id-11134201-7rbk5-maup3h45zst56f","adidas Running Duramo Speed 2 Running Shoes Men Black IH8201","1.197.000","-14%","210 terjual","4.9","Pilih 2, diskon 15%","","","","","","","","-14%","776 terjual","","","","","","","",""
"FIFA WORLD CUP 2026 HOME KITS","Lihat Semua","https://shopee.co.id/adidas-Football-Argentina-26-Home-Jersey-Men-White-JM8396-i.270510657.57102867189?extraParams=%7B%22display_model_id%22%3A238218143133%2C%22model_selection_logic%22%3A3%7D","https://down-id.img.susercontent.com/file/id-11134207-822wu-mnzj2pl3lybsb9","https://down-id.img.susercontent.com/file/id-11134258-822wn-mlx9cgtbn85k12","adidas Football Argentina 26 Home Jersey Men White JM8396","https://down-id.img.susercontent.com/file/id-11134258-7r98z-lykpu80ygbvs76","Rp","1.200.000","","7 terjual","https://down-id.img.susercontent.com/file/id-11134258-7r98o-ly1pxywrszyh0b_tn.webp","5.0","Hadiah Gratis","https://shopee.co.id/adidas-Football-Spain-26-Home-Jersey-Men-Red-JN4390-i.270510657.46052882461?extraParams=%7B%22display_model_id%22%3A355276707687%2C%22model_selection_logic%22%3A3%7D","https://down-id.img.susercontent.com/file/id-11134207-822wu-mnzjcz60clj9a5","adidas Football Spain 26 Home Jersey Men Red JN4390","1.200.000","5.0","15 terjual","https://shopee.co.id/adidas-Football-Germany-26-Home-Jersey-Men-White-KD8363-i.270510657.47652896264?extraParams=%7B%22display_model_id%22%3A430276708416%2C%22model_selection_logic%22%3A3%7D","https://down-id.img.susercontent.com/file/id-11134207-822wp-mnzjcz609sede2","adidas Football Germany 26 Home Jersey Men White KD8363","1.200.000","","Hadiah Gratis","5.0","Hadiah Gratis","https://shopee.co.id/adidas-Football-Italy-26-Home-Jersey-Men-Blue-JL6937-i.270510657.58102875861?extraParams=%7B%22display_model_id%22%3A390276693756%2C%22model_selection_logic%22%3A3%7D","https://down-id.img.susercontent.com/file/id-11134207-822wo-mnzj2pl3ncw86f","adidas Football Italy 26 Home Jersey Men Blue JL6937","1.200.000","","5 terjual","5.0","1 terjual","https://shopee.co.id/adidas-Football-Argentina-26-Home-Goalkeeper-Jersey-Men-Black-JM8323-i.270510657.56502871797?extraParams=%7B%22display_model_id%22%3A196345592165%2C%22model_selection_logic%22%3A3%7D","https://down-id.img.susercontent.com/file/id-11134207-822wi-mnzjcz5td5vs3d","https://down-id.img.susercontent.com/file/id-11134258-822wn-mlx9cgtbn85k12","adidas Football Argentina 26 Home Goalkeeper Jersey Men Black JM8323","https://down-id.img.susercontent.com/file/id-11134258-7r98z-lykpu80ygbvs76","Rp","1.200.000","","Hadiah Gratis","https://down-id.img.susercontent.com/file/id-11134258-7r98o-ly1pxywrszyh0b_tn.webp","5.0","36 terjual","https://shopee.co.id/adidas-Football-Japan-26-Home-Jersey-Unisex-Blue-JZ9688-i.270510657.54402871761?extraParams=%7B%22display_model_id%22%3A335276704074%2C%22model_selection_logic%22%3A3%7D","https://down-id.img.susercontent.com/file/id-11134207-822wq-mnzj2pl3rklk46","adidas Football Japan 26 Home Jersey Unisex Blue JZ9688","950.000","4.9"
"the_origin","","https://shopee.co.id/adidas-Lifestyle-Samba-OG-Shoes-Unisex-Blue-ID2056-i.270510657.43001174590?extraParams=%7B%22display_model_id%22%3A270095179489%2C%22model_selection_logic%22%3A3%7D","https://down-id.img.susercontent.com/file/id-11134201-7rbk8-maup6spl0qt01a","https://down-id.img.susercontent.com/file/id-11134258-822wn-mlx9cgtbn85k12","adidas Lifestyle Samba OG Shoes Unisex Blue ID2056","https://down-id.img.susercontent.com/file/id-11134258-7r98z-lykpu80ygbvs76","Rp","2.000.000","-50%","153 terjual","https://down-id.img.susercontent.com/file/id-11134258-7r98o-ly1pxywrszyh0b_tn.webp","5.0","Pilih 2, diskon 15%","https://shopee.co.id/adidas-Lifestyle-SL-72-RS-Shoes-Unisex-Black-JI1282-i.270510657.27668097777?extraParams=%7B%22display_model_id%22%3A252063464678%2C%22model_selection_logic%22%3A3%7D","https://down-id.img.susercontent.com/file/id-11134201-7rbk1-mauqwtykw46c62","adidas Lifestyle SL 72 RS Shoes Unisex Black JI1282","1.600.000","5.0","104 terjual","https://shopee.co.id/adidas-Lifestyle-Taekwondo-Shoes-Women-Green-JS0710-i.270510657.42401183338?extraParams=%7B%22display_model_id%22%3A305095016769%2C%22model_selection_logic%22%3A3%7D","https://down-id.img.susercontent.com/file/id-11134201-7rbk7-maupc5yg9o7tbf","adidas Lifestyle Taekwondo Shoes Women Green JS0710","800.000","-30%","98 terjual","4.9","Pilih 2, diskon 15%","https://shopee.co.id/adidas-Lifestyle-Adidas-Taekwondo-Lace-Shoes-Women-White-JP8144-i.270510657.41003078427?extraParams=%7B%22display_model_id%22%3A295254888014%2C%22model_selection_logic%22%3A3%7D","https://down-id.img.susercontent.com/file/id-11134201-7rbkc-maupomjq1lic84","adidas Lifestyle Adidas Taekwondo Lace Shoes Women White JP8144","1.050.000","-34%","67 terjual","5.0","89 terjual","https://shopee.co.id/adidas-Lifestyle-SL-72-RS-Shoes-Men-White-JS0746-i.270510657.42701183322?extraParams=%7B%22display_model_id%22%3A243428066271%2C%22model_selection_logic%22%3A3%7D","https://down-id.img.susercontent.com/file/id-11134201-7rbk8-maup9lfhla1qb4","https://down-id.img.susercontent.com/file/id-11134258-822wn-mlx9cgtbn85k12","adidas Lifestyle SL 72 RS Shoes Men White JS0746","https://down-id.img.susercontent.com/file/id-11134258-7r98z-lykpu80ygbvs76","Rp","1.064.000","","Pilih 2, diskon 15%","https://down-id.img.susercontent.com/file/id-11134258-7r98o-ly1pxywrszyh0b_tn.webp","4.9","221 terjual","https://shopee.co.id/adidas-Lifestyle-Sl-72-Rs-Shoes-Men-Brown-JR8774-i.270510657.24446612084?extraParams=%7B%22display_model_id%22%3A276260374270%2C%22model_selection_logic%22%3A3%7D","https://down-id.img.susercontent.com/file/sg-11134201-824it-mdwpy1maz8jo30","adidas Lifestyle Sl 72 Rs Shoes Men Brown JR8774","1.600.000","4.8"
"Shop Lifestyle Sneakers","Lihat Semua","https://shopee.co.id/adidas-Lifestyle-Cloudfoam-Pure-2.0-Shoes-Women-Black-H04754-i.270510657.26468092834?extraParams=%7B%22display_model_id%22%3A247063464708%2C%22model_selection_logic%22%3A3%7D","https://down-id.img.susercontent.com/file/id-11134201-7rbk1-maura0e6m5gedd","https://down-id.img.susercontent.com/file/id-11134258-822wn-mlx9cgtbn85k12","adidas Lifestyle Cloudfoam Pure 2.0 Shoes Women Black H04754","https://down-id.img.susercontent.com/file/id-11134258-7r98z-lykpu80ygbvs76","Rp","770.000","-30%","202 terjual","https://down-id.img.susercontent.com/file/id-11134258-7r98o-ly1pxywrszyh0b_tn.webp","4.8","Pilih 2, diskon 15%","https://shopee.co.id/adidas-Lifestyle-Tekwen-Shoes-Women-White-JS3870-i.270510657.43215270287?extraParams=%7B%22display_model_id%22%3A281261297515%2C%22model_selection_logic%22%3A3%7D","https://down-id.img.susercontent.com/file/sg-11134201-822wk-mi7z55rfxcefc5","adidas Lifestyle Tekwen Shoes Women White JS3870","900.000","5.0","71 terjual","https://shopee.co.id/adidas-Lifestyle-Cloudfoam-Comfy-Shoes-Men-Black-IH2966-i.270510657.26668095639?extraParams=%7B%22display_model_id%22%3A237041507897%2C%22model_selection_logic%22%3A3%7D","https://down-id.img.susercontent.com/file/id-11134201-7rbk3-maur7rzy9jj8a3","adidas Lifestyle Cloudfoam Comfy Shoes Men Black IH2966","630.000","-30%","Pilih 2, diskon 15%","4.9","Pilih 2, diskon 15%","https://shopee.co.id/adidas-Lifestyle-GRAND-COURT-2.0-SHOES-Men-Blue-IG9226-i.270510657.27278803313?extraParams=%7B%22display_model_id%22%3A118611839829%2C%22model_selection_logic%22%3A3%7D","https://down-id.img.susercontent.com/file/id-11134201-7rbk2-maur0wxa6grvec","adidas Lifestyle GRAND COURT 2.0 SHOES Men Blue IG9226","770.000","-30%","553 terjual","4.9","3RB+ terjual","https://shopee.co.id/adidas-Lifestyle-Run-60s-2.0-Shoes-Men-Green-GY3703-i.270510657.28868091577?extraParams=%7B%22display_model_id%22%3A79488223160%2C%22model_selection_logic%22%3A3%7D","https://down-id.img.susercontent.com/file/id-11134201-7rbk1-mauqjqc91uecdc","https://down-id.img.susercontent.com/file/id-11134258-822wn-mlx9cgtbn85k12","adidas Lifestyle Run 60s 2.0 Shoes Men Green GY3703","https://down-id.img.susercontent.com/file/id-11134258-7r98z-lykpu80ygbvs76","Rp","630.000","-30%","Pilih 2, diskon 15%","https://down-id.img.susercontent.com/file/id-11134258-7r98o-ly1pxywrszyh0b_tn.webp","4.9","1RB+ terjual","https://shopee.co.id/adidas-Tennis-Lifestyle-GRAND-COURT-2.0-SHOES-Men-White-ID4465-i.270510657.24688531146?extraParams=%7B%22display_model_id%22%3A118515284734%2C%22model_selection_logic%22%3A3%7D","https://down-id.img.susercontent.com/file/id-11134201-7rbkd-maurklcz49dkdd","adidas Tennis & Lifestyle GRAND COURT 2.0 SHOES Men White ID4465","770.000","4.9"
"Penjualan Tertinggi","","https://shopee.co.id/adidas-Lifestyle-Stadt-Shoes-Men-Black-JI1881-i.270510657.26968084064?extraParams=%7B%22display_model_id%22%3A166809231578%2C%22model_selection_logic%22%3A3%7D","https://down-id.img.susercontent.com/file/id-11134201-7rbk8-maur4rriowh70b","https://down-id.img.susercontent.com/file/id-11134258-822wn-mlx9cgtbn85k12","adidas Lifestyle Stadt Shoes Men Black JI1881","https://down-id.img.susercontent.com/file/id-11134258-7r98z-lykpu80ygbvs76","Rp","1.300.000","-30%","Pilih 2, diskon 15%","https://down-id.img.susercontent.com/file/id-11134258-7r98o-ly1pxywrszyh0b_tn.webp","4.9","2RB+ terjual","https://shopee.co.id/adidas-Skateboarding-Lifestyle-VL-Court-2.0-Shoes-Men-Grey-HQ1802-i.270510657.26968088719?extraParams=%7B%22display_model_id%22%3A185568934951%2C%22model_selection_logic%22%3A3%7D","https://down-id.img.susercontent.com/file/id-11134211-822wu-mlvt6iqivi8831","adidas Skateboarding & Lifestyle VL Court 2.0 Shoes Men Grey HQ1802","770.000","4.9","Pilih 2, diskon 15%","https://shopee.co.id/adidas-Skateboarding-Lifestyle-VL-Court-2.0-Shoes-Men-Black-HQ1801-i.270510657.26668091757?extraParams=%7B%22display_model_id%22%3A242063151459%2C%22model_selection_logic%22%3A3%7D","https://down-id.img.susercontent.com/file/id-11134211-822wq-mlvt6iqiwwso4f","adidas Skateboarding & Lifestyle VL Court 2.0 Shoes Men Black HQ1801","770.000","-30%","2RB+ terjual","4.9","Pilih 2, diskon 15%","https://shopee.co.id/adidas-Lifestyle-Lite-Racer-CLN-2.0-Shoes-Men-Grey-GY7638-i.270510657.29918091252?extraParams=%7B%22display_model_id%22%3A252063039331%2C%22model_selection_logic%22%3A3%7D","https://down-id.img.susercontent.com/file/id-11134201-7rbkd-maupxjytdeoie2","adidas Lifestyle Lite Racer CLN 2.0 Shoes Men Grey GY7638","630.000","-30%","2RB+ terjual","4.9","3RB+ terjual","","","","","","","","","","","","","","","","",""
"Penjualan Tertinggi","","https://shopee.co.id/adidas-Tennis-Lifestyle-Advantage-2.0-Shoes-Women-White-IF1660-i.270510657.26718092966?extraParams=%7B%22display_model_id%22%3A237041966157%2C%22model_selection_logic%22%3A3%7D","https://down-id.img.susercontent.com/file/sg-11134201-825b1-mgfttrw6f5l9b9","https://down-id.img.susercontent.com/file/id-11134258-822wn-mlx9cgtbn85k12","adidas Tennis & Lifestyle Advantage 2.0 Shoes Women White IF1660","https://down-id.img.susercontent.com/file/id-11134258-7r98z-lykpu80ygbvs76","Rp","665.000","-30%","Pilih 2, diskon 15%","https://down-id.img.susercontent.com/file/id-11134258-7r98o-ly1pxywrszyh0b_tn.webp","4.9","587 terjual","https://shopee.co.id/adidas-Running-Duramo-Speed-2-Running-Shoes-Women-Black-IH8211-i.270510657.44101178247?extraParams=%7B%22display_model_id%22%3A295094960350%2C%22model_selection_logic%22%3A3%7D","https://down-id.img.susercontent.com/file/sg-11134201-81ztl-mn4gu7c21khv0e","adidas Running Duramo Speed 2 Running Shoes Women Black IH8211","1.197.000","4.9","Pilih 2, diskon 15%","https://shopee.co.id/adidas-Lifestyle-Lite-Racer-4.0-Shoes-Women-Black-IE8562-i.270510657.24188522433?extraParams=%7B%22display_model_id%22%3A227041947725%2C%22model_selection_logic%22%3A3%7D","https://down-id.img.susercontent.com/file/sg-11134201-821eb-mh9qbgxadslnda","adidas Lifestyle Lite Racer 4.0 Shoes Women Black IE8562","720.000","-14%","1RB+ terjual","4.9","Pilih 2, diskon 15%","https://shopee.co.id/adidas-Skateboarding-Lifestyle-VL-Court-3.0-Shoes-Women-Black-ID8796-i.270510657.28318087315?extraParams=%7B%22display_model_id%22%3A147561139390%2C%22model_selection_logic%22%3A3%7D","https://down-id.img.susercontent.com/file/id-11134211-822wt-mlvt7uw371u074","adidas Skateboarding & Lifestyle VL Court 3.0 Shoes Women Black ID8796","990.000","-10%","555 terjual","4.9","Pilih 2, diskon 15%","","","","","","","","-10%","954 terjual","","","","","","","",""
"Penjualan Tertinggi","","https://shopee.co.id/adidas-Lifestyle-Classic-Back-to-School-3-Stripes-Backpack-Unisex-Green-IS7042-i.270510657.44201187589?extraParams=%7B%22display_model_id%22%3A290094928176%2C%22model_selection_logic%22%3A3%7D","https://down-id.img.susercontent.com/file/id-11134201-7rbk1-mauoxnomh0ke91","https://down-id.img.susercontent.com/file/id-11134258-822wn-mlx9cgtbn85k12","adidas Lifestyle Classic Back-to-School 3-Stripes Backpack Unisex Green IS7042","https://down-id.img.susercontent.com/file/id-11134258-7r98z-lykpu80ygbvs76","Rp","450.000","-10%","Pilih 2, diskon 15%","https://down-id.img.susercontent.com/file/id-11134258-7r98o-ly1pxywrszyh0b_tn.webp","5.0","328 terjual","https://shopee.co.id/adidas-Lifestyle-Flower-Shopper-Bag-Women-White-IT7377-i.270510657.40301200606?extraParams=%7B%22display_model_id%22%3A280095762063%2C%22model_selection_logic%22%3A3%7D","https://down-id.img.susercontent.com/file/sg-11134201-7rdxq-mcmdrw7s1og0f6","adidas Lifestyle Flower Shopper Bag Women White IT7377","700.000","5.0","Pilih 2, diskon 15%","https://shopee.co.id/adidas-Lifestyle-Crossbody-Bowling-Bag-Unisex-Black-JC6082-i.270510657.43601207162?extraParams=%7B%22display_model_id%22%3A275096344392%2C%22model_selection_logic%22%3A3%7D","https://down-id.img.susercontent.com/file/sg-11134201-7rdwq-mcmk79mox0vr83","adidas Lifestyle Crossbody Bowling Bag Unisex Black JC6082","850.000","-10%","170 terjual","4.9","87 terjual","https://shopee.co.id/adidas-Lifestyle-Essentials-Classic-Backpack-Unisex-Black-JF0755-i.270510657.29736649629?extraParams=%7B%22display_model_id%22%3A147846509177%2C%22model_selection_logic%22%3A3%7D","https://down-id.img.susercontent.com/file/id-11134201-7rbk5-maupzebs9hw940","adidas Lifestyle Essentials Classic Backpack Unisex Black JF0755","585.000","","","4.0","27 terjual","","","","","","","","","","","","","","","","",""