"contents href","_image_yazkc_11 src","_image_yazkc_11 src 2","whitespace-normal","font-medium 2","h-4","flex-none src","flex-none","truncate","pointer-events-none src 2","text-sp10","ml-[3px]","875rem] href","mr-0 src","truncate 2"
"https://shopee.co.id/Sepatu-Sneakers-Adidas-Adizero-Evo-SL-White-Black-i.149364265.54200357964?extraParams=%7B%22display_model_id%22%3A310034322332%2C%22model_selection_logic%22%3A3%7D&sp_atk=38d4b729-8a63-4e82-b2eb-f0e3a5906cab&xptdk=38d4b729-8a63-4e82-b2eb-f0e3a5906cab","https://down-id.img.susercontent.com/file/id-11134207-822ws-mlq0tj6npn2g18","https://down-id.img.susercontent.com/file/id-11134258-822wr-mlx67rtd6r602f","Sepatu Sneakers Adidas Adizero Evo SL White Black","2.699.000","-7%","https://deo.shopeemobile.com/shopee/modules-federation/live/0/shopee__item-card-standard-v2/0.2.11/pc/d7099d3fd1dfdaf705ab.svg","4.8","11 Terjual","https://deo.shopeemobile.com/shopee/modules-federation/live/0/shopee__item-card-standard-v2/0.2.11/pc/38e203dc86172a6c6560.svg","< 2 Hari","Jakarta Selatan","https://shopee.co.id/find_similar_products?catid=100637&itemid=54200357964&shopid=149364265","",""
"https://shopee.co.id/Sepatu-Lari-Pria-%C8%A6did%C8%A7s-%C8%A6dizero-Evo-SL-Warna-White-Pure-Te%C8%A7l-i.1505415864.44422873240?extraParams=%7B%22display_model_id%22%3A291858340423%2C%22model_selection_logic%22%3A3%7D&sp_atk=6aa3e63e-771c-476b-ac34-e5461d59fcc3&xptdk=6aa3e63e-771c-476b-ac34-e5461d59fcc3","https://down-id.img.susercontent.com/file/id-11134207-81ztq-mffi1f5jq9738b","https://down-id.img.susercontent.com/file/id-11134258-7r98w-lyezzaurybot13","Sepatu Lari Pria Ȧdidȧs Ȧdizero Evo SL Warna White Pure Teȧl","568.000","-32%","https://deo.shopeemobile.com/shopee/modules-federation/live/0/shopee__item-card-standard-v2/0.2.11/pc/d7099d3fd1dfdaf705ab.svg","5.0","7 Terjual","https://deo.shopeemobile.com/shopee/modules-federation/live/0/shopee__item-card-standard-v2/0.2.11/pc/76dff349290d20891fc1.svg","3-5 Hari","Tangerang Selatan","https://shopee.co.id/find_similar_products?catid=100637&itemid=44422873240&shopid=1505415864","https://deo.shopeemobile.com/shopee/modules-federation/live/0/shopee__item-card-standard-v2/0.2.11/pc/a425c915798471b33e5d.png",""
"https://shopee.co.id/ADIDAS-Sepatu-Skate-VL-COURT-X-MERCEDES-AMG-PETRONAS-FORMULA-ONE-TEAM-JR1068-ORIGINAL-i.402386660.42402201167?extraParams=%7B%22display_model_id%22%3A139375491705%2C%22model_selection_logic%22%3A3%7D&sp_atk=185a2863-0650-47c5-bae4-86f889681aea&xptdk=185a2863-0650-47c5-bae4-86f889681aea","https://down-id.img.susercontent.com/file/id-11134201-7rbk4-maart21ddsp11f","https://down-id.img.susercontent.com/file/id-11134258-822wr-mlx67rtd6r602f","ADIDAS Sepatu Skate VL COURT X MERCEDES - AMG PETRONAS FORMULA ONE TEAM JR1068 ORIGINAL","712.500","-25%","https://deo.shopeemobile.com/shopee/modules-federation/live/0/shopee__item-card-standard-v2/0.2.11/pc/d7099d3fd1dfdaf705ab.svg","5.0","125 Terjual","https://deo.shopeemobile.com/shopee/modules-federation/live/0/shopee__item-card-standard-v2/0.2.11/pc/76dff349290d20891fc1.svg","3-5 Hari","Bandung","https://shopee.co.id/find_similar_products?catid=100012&itemid=42402201167&shopid=402386660","https://deo.shopeemobile.com/shopee/modules-federation/live/0/shopee__item-card-standard-v2/0.2.11/pc/7c9110f78e069acbced7.png",""
"https://shopee.co.id/adidas-Lifestyle-Breaknet-2.0-Shoes-Men-White-IE5251-i.270510657.28128788446?extraParams=%7B%22display_model_id%22%3A252822771648%2C%22model_selection_logic%22%3A3%7D&sp_atk=2c7c3a76-e336-47c6-aa53-1f1d4f0cfd3e&xptdk=2c7c3a76-e336-47c6-aa53-1f1d4f0cfd3e","https://down-id.img.susercontent.com/file/id-11134201-7rbke-mauqrzcwefzffd","https://down-id.img.susercontent.com/file/id-11134258-822wr-mlx5y0tebegw04","adidas Lifestyle Breaknet 2.0 Shoes Men White IE5251","630.000","-30%","https://deo.shopeemobile.com/shopee/modules-federation/live/0/shopee__item-card-standard-v2/0.2.11/pc/d7099d3fd1dfdaf705ab.svg","4.9","2RB+ Terjual","https://deo.shopeemobile.com/shopee/modules-federation/live/0/shopee__item-card-standard-v2/0.2.11/pc/76dff349290d20891fc1.svg","4-5 Hari","Bekasi","https://shopee.co.id/find_similar_products?catid=100012&itemid=28128788446&shopid=270510657","https://deo.shopeemobile.com/shopee/modules-federation/live/0/shopee__item-card-standard-v2/0.2.11/pc/7c9110f78e069acbced7.png","Pilih 2, diskon 15%"
"https://shopee.co.id/Adidas-Samba-OG-White-Gum-Sepatu-Ikonik-Putih-Hitam-i.357359895.22941914510?extraParams=%7B%22display_model_id%22%3A146898628585%2C%22model_selection_logic%22%3A3%7D&sp_atk=cff52a9b-abfa-4ea7-b9cd-3b73c450d580&xptdk=cff52a9b-abfa-4ea7-b9cd-3b73c450d580","https://down-id.img.susercontent.com/file/id-11134207-7ras9-m52pnbruohqr17","https://down-id.img.susercontent.com/file/id-11134258-822wr-mlx67rtd6r602f","Adidas Samba OG White Gum Sepatu Ikonik Putih Hitam","1.844.000","-1%","https://deo.shopeemobile.com/shopee/modules-federation/live/0/shopee__item-card-standard-v2/0.2.11/pc/d7099d3fd1dfdaf705ab.svg","5.0","6RB+ Terjual","https://deo.shopeemobile.com/shopee/modules-federation/live/0/shopee__item-card-standard-v2/0.2.11/pc/38e203dc86172a6c6560.svg","Besok","Surabaya","https://shopee.co.id/find_similar_products?catid=100012&itemid=22941914510&shopid=357359895","https://deo.shopeemobile.com/shopee/modules-federation/live/0/shopee__item-card-standard-v2/0.2.11/pc/a425c915798471b33e5d.png",""
"https://shopee.co.id/ADIDAS-RESPONSE-RUNNER-2-KJ1745-262-i.37024936.53009471564?extraParams=%7B%22display_model_id%22%3A355837264293%2C%22model_selection_logic%22%3A3%7D&sp_atk=c39db1e5-97d2-402f-ae80-b0ecbff9d71a&xptdk=c39db1e5-97d2-402f-ae80-b0ecbff9d71a","https://down-id.img.susercontent.com/file/sg-11134201-820mt-mngyb4w3vt35c5","https://down-id.img.susercontent.com/file/id-11134258-822wr-mlx5y0tebegw04","ADIDAS RESPONSE RUNNER 2 KJ1745 / 262","665.000","-5%","https://deo.shopeemobile.com/shopee/modules-federation/live/0/shopee__item-card-standard-v2/0.2.11/pc/d7099d3fd1dfdaf705ab.svg","5.0","14 Terjual","https://deo.shopeemobile.com/shopee/modules-federation/live/0/shopee__item-card-standard-v2/0.2.11/pc/76dff349290d20891fc1.svg","5-7 Hari","Depok","https://shopee.co.id/find_similar_products?catid=100637&itemid=53009471564&shopid=37024936","https://deo.shopeemobile.com/shopee/modules-federation/live/0/shopee__item-card-standard-v2/0.2.11/pc/7c9110f78e069acbced7.png",""
"https://shopee.co.id/adidas-Lifestyle-74-Shoes-Unisex-White-IF9509-i.270510657.29718087894?extraParams=%7B%22display_model_id%22%3A257063466928%2C%22model_selection_logic%22%3A3%7D&sp_atk=8dcc4867-10cc-46f5-bc9b-0125ec326f34&xptdk=8dcc4867-10cc-46f5-bc9b-0125ec326f34","https://down-id.img.susercontent.com/file/id-11134201-7rbke-maupzsqx5qxec8","https://down-id.img.susercontent.com/file/id-11134258-822wr-mlx5y0tebegw04","adidas Lifestyle 74 Shoes Unisex White IF9509","1.197.000","-34%","https://deo.shopeemobile.com/shopee/modules-federation/live/0/shopee__item-card-standard-v2/0.2.11/pc/d7099d3fd1dfdaf705ab.svg","4.9","397 Terjual","https://deo.shopeemobile.com/shopee/modules-federation/live/0/shopee__item-card-standard-v2/0.2.11/pc/76dff349290d20891fc1.svg","4-5 Hari","Bekasi","https://shopee.co.id/find_similar_products?catid=100637&itemid=29718087894&shopid=270510657","https://deo.shopeemobile.com/shopee/modules-federation/live/0/shopee__item-card-standard-v2/0.2.11/pc/7c9110f78e069acbced7.png","Pilih 2, diskon 15%"
"https://shopee.co.id/ADIDAS-Sepatu-Trail-Running-ROCKR-BLAZE-JK3853-ORI-i.1023939633.51453749998?extraParams=%7B%22display_model_id%22%3A320359007218%2C%22model_selection_logic%22%3A3%7D&sp_atk=a89f7350-03cb-4ce4-acbd-d0388efb6d89&xptdk=a89f7350-03cb-4ce4-acbd-d0388efb6d89","https://down-id.img.susercontent.com/file/id-11134207-8224q-mipel8fh1dkw5c","https://down-id.img.susercontent.com/file/id-11134258-822wr-mlx67rtd6r602f","ADIDAS Sepatu Trail Running ROCKR BLAZE JK3853 ORI","577.150","-32%","https://deo.shopeemobile.com/shopee/modules-federation/live/0/shopee__item-card-standard-v2/0.2.11/pc/d7099d3fd1dfdaf705ab.svg","4.9","275 Terjual","https://deo.shopeemobile.com/shopee/modules-federation/live/0/shopee__item-card-standard-v2/0.2.11/pc/76dff349290d20891fc1.svg","3-5 Hari","Bekasi","https://shopee.co.id/find_similar_products?catid=100637&itemid=51453749998&shopid=1023939633","https://deo.shopeemobile.com/shopee/modules-federation/live/0/shopee__item-card-standard-v2/0.2.11/pc/7c9110f78e069acbced7.png","Produk Baru"
"https://shopee.co.id/ADIDAS-Sepatu-Tenis-GAMECOURT-2.0-W-KI0787-ORIGINAL-i.402386660.55058717968?extraParams=%7B%22display_model_id%22%3A425774416796%2C%22model_selection_logic%22%3A3%7D&sp_atk=34cb31fa-532f-42ce-b788-26456b4eb0fa&xptdk=34cb31fa-532f-42ce-b788-26456b4eb0fa","https://down-id.img.susercontent.com/file/sg-11134275-81zw6-mmzqckrmaqrmb8","https://down-id.img.susercontent.com/file/id-11134258-822wr-mlx67rtd6r602f","ADIDAS Sepatu Tenis GAMECOURT 2.0 W KI0787 ORIGINAL","1.100.000","","https://deo.shopeemobile.com/shopee/modules-federation/live/0/shopee__item-card-standard-v2/0.2.11/pc/d7099d3fd1dfdaf705ab.svg","5.0","91 Terjual","https://deo.shopeemobile.com/shopee/modules-federation/live/0/shopee__item-card-standard-v2/0.2.11/pc/76dff349290d20891fc1.svg","3-5 Hari","Depok","https://shopee.co.id/find_similar_products?catid=100637&itemid=55058717968&shopid=402386660","https://deo.shopeemobile.com/shopee/modules-federation/live/0/shopee__item-card-standard-v2/0.2.11/pc/7c9110f78e069acbced7.png",""
"https://shopee.co.id/adidas-Skateboarding-Lifestyle-VL-Court-Classic-Shoes-Men-White-JH5061-i.270510657.26874088213?extraParams=%7B%22display_model_id%22%3A215739269088%2C%22model_selection_logic%22%3A3%7D&sp_atk=7f148478-698f-4dc6-be52-ce9f2e7762ee&xptdk=7f148478-698f-4dc6-be52-ce9f2e7762ee","https://down-id.img.susercontent.com/file/id-11134211-822wl-mlvt6iqizpxkee","https://down-id.img.susercontent.com/file/id-11134258-822wr-mlx5y0tebegw04","adidas Skateboarding & Lifestyle VL Court Classic Shoes Men White JH5061","570.000","-40%","https://deo.shopeemobile.com/shopee/modules-federation/live/0/shopee__item-card-standard-v2/0.2.11/pc/d7099d3fd1dfdaf705ab.svg","4.9","1RB+ Terjual","https://deo.shopeemobile.com/shopee/modules-federation/live/0/shopee__item-card-standard-v2/0.2.11/pc/76dff349290d20891fc1.svg","4-5 Hari","Bekasi","https://shopee.co.id/find_similar_products?catid=100012&itemid=26874088213&shopid=270510657","https://deo.shopeemobile.com/shopee/modules-federation/live/0/shopee__item-card-standard-v2/0.2.11/pc/7c9110f78e069acbced7.png","Pilih 2, diskon 15%"
"https://shopee.co.id/ADIDAS-Sepatu-Lari-Pria-ADIZERO-ADIOS-9-JQ1683-ORI-i.1023939633.46808734097?extraParams=%7B%22display_model_id%22%3A425774465690%2C%22model_selection_logic%22%3A3%7D&sp_atk=12e3fe52-7c37-4dca-bc3f-727ed3b81ec7&xptdk=12e3fe52-7c37-4dca-bc3f-727ed3b81ec7","https://down-id.img.susercontent.com/file/sg-11134275-81zvs-mmzn4kzosgsk3e","https://down-id.img.susercontent.com/file/id-11134258-822wr-mlx67rtd6r602f","ADIDAS Sepatu Lari Pria ADIZERO ADIOS 9 JQ1683 ORI","2.100.000","","https://deo.shopeemobile.com/shopee/modules-federation/live/0/shopee__item-card-standard-v2/0.2.11/pc/d7099d3fd1dfdaf705ab.svg","5.0","10 Terjual","https://deo.shopeemobile.com/shopee/modules-federation/live/0/shopee__item-card-standard-v2/0.2.11/pc/76dff349290d20891fc1.svg","3-5 Hari","Jakarta Selatan","https://shopee.co.id/find_similar_products?catid=100637&itemid=46808734097&shopid=1023939633","https://deo.shopeemobile.com/shopee/modules-federation/live/0/shopee__item-card-standard-v2/0.2.11/pc/7c9110f78e069acbced7.png",""
"https://shopee.co.id/adidas-Courtblock-Men's-Sneakers-Ftwr-White-i.234490784.42565077287?extraParams=%7B%22display_model_id%22%3A281247531264%2C%22model_selection_logic%22%3A3%7D&sp_atk=6b0f283c-0521-42ad-b574-00e7a33ab4f5&xptdk=6b0f283c-0521-42ad-b574-00e7a33ab4f5","https://down-id.img.susercontent.com/file/sg-11134201-7repf-mdu6nt3f8js32a","https://down-id.img.susercontent.com/file/id-11134258-822wp-mlyjp115kz5tc6","adidas Courtblock Men's Sneakers - Ftwr White","630.000","-30%","https://deo.shopeemobile.com/shopee/modules-federation/live/0/shopee__item-card-standard-v2/0.2.11/pc/d7099d3fd1dfdaf705ab.svg","4.9","49 Terjual","https://deo.shopeemobile.com/shopee/modules-federation/live/0/shopee__item-card-standard-v2/0.2.11/pc/76dff349290d20891fc1.svg","3-5 Hari","Bekasi","https://shopee.co.id/find_similar_products?catid=100012&itemid=42565077287&shopid=234490784","https://deo.shopeemobile.com/shopee/modules-federation/live/0/shopee__item-card-standard-v2/0.2.11/pc/7c9110f78e069acbced7.png","Pilih 2, diskon 20%"
"https://shopee.co.id/ADIDAS-Sepatu-Lari-Pria-ADIZERO-EVO-SL-WOVEN-KI6901-ORIGINAL-i.402386660.51208771955?extraParams=%7B%22display_model_id%22%3A390779508048%2C%22model_selection_logic%22%3A3%7D&sp_atk=22357d61-6987-48a4-9c30-daeab2f15c14&xptdk=22357d61-6987-48a4-9c30-daeab2f15c14","https://down-id.img.susercontent.com/file/sg-11134275-81zw7-mn0yyb8erxfsd4","https://down-id.img.susercontent.com/file/id-11134258-822wr-mlx67rtd6r602f","ADIDAS Sepatu Lari Pria ADIZERO EVO SL WOVEN KI6901 ORIGINAL","2.800.000","","https://deo.shopeemobile.com/shopee/modules-federation/live/0/shopee__item-card-standard-v2/0.2.11/pc/d7099d3fd1dfdaf705ab.svg","4.9","22 Terjual","https://deo.shopeemobile.com/shopee/modules-federation/live/0/shopee__item-card-standard-v2/0.2.11/pc/76dff349290d20891fc1.svg","3-5 Hari","Bekasi","https://shopee.co.id/find_similar_products?catid=100637&itemid=51208771955&shopid=402386660","https://deo.shopeemobile.com/shopee/modules-federation/live/0/shopee__item-card-standard-v2/0.2.11/pc/7c9110f78e069acbced7.png",""
"https://shopee.co.id/adidas-Tennis-Lifestyle-Grand-Court-SE-Shoes-Unisex-White-FW3277-i.270510657.24388518998?extraParams=%7B%22display_model_id%22%3A242063801387%2C%22model_selection_logic%22%3A3%7D&sp_atk=3b92f313-660a-44d7-9318-b15b40fd6dd5&xptdk=3b92f313-660a-44d7-9318-b15b40fd6dd5","https://down-id.img.susercontent.com/file/id-11134201-7rbk1-maurm010yxeh29","https://down-id.img.susercontent.com/file/id-11134258-822wr-mlx5y0tebegw04","adidas Tennis & Lifestyle Grand Court SE Shoes Unisex White FW3277","770.000","-30%","https://deo.shopeemobile.com/shopee/modules-federation/live/0/shopee__item-card-standard-v2/0.2.11/pc/d7099d3fd1dfdaf705ab.svg","4.9","2RB+ Terjual","https://deo.shopeemobile.com/shopee/modules-federation/live/0/shopee__item-card-standard-v2/0.2.11/pc/76dff349290d20891fc1.svg","4-5 Hari","Bekasi","https://shopee.co.id/find_similar_products?catid=100637&itemid=24388518998&shopid=270510657","https://deo.shopeemobile.com/shopee/modules-federation/live/0/shopee__item-card-standard-v2/0.2.11/pc/7c9110f78e069acbced7.png","Pilih 2, diskon 15%"
"https://shopee.co.id/adidas-Lifestyle-VL-Court-3.0-Shoes-Men-White-JR8635-i.270510657.44374576355?extraParams=%7B%22display_model_id%22%3A29948762946%2C%22model_selection_logic%22%3A3%7D&sp_atk=a864c14b-4ee5-429c-81d6-bde6be7f9219&xptdk=a864c14b-4ee5-429c-81d6-bde6be7f9219","https://down-id.img.susercontent.com/file/id-11134211-822wu-mlvt7uw3b9jcef","https://down-id.img.susercontent.com/file/id-11134258-822wr-mlx5y0tebegw04","adidas Lifestyle VL Court 3.0 Shoes Men White JR8635","770.000","-30%","https://deo.shopeemobile.com/shopee/modules-federation/live/0/shopee__item-card-standard-v2/0.2.11/pc/d7099d3fd1dfdaf705ab.svg","5.0","879 Terjual","https://deo.shopeemobile.com/shopee/modules-federation/live/0/shopee__item-card-standard-v2/0.2.11/pc/76dff349290d20891fc1.svg","4-5 Hari","Bekasi","https://shopee.co.id/find_similar_products?catid=100637&itemid=44374576355&shopid=270510657","https://deo.shopeemobile.com/shopee/modules-federation/live/0/shopee__item-card-standard-v2/0.2.11/pc/7c9110f78e069acbced7.png","Pilih 2, diskon 15%"
"https://shopee.co.id/Adidas-RUNFALCON-5-original-BNIB-running-men-i.15385919.46709567382?extraParams=%7B%22display_model_id%22%3A440843748208%2C%22model_selection_logic%22%3A3%7D&sp_atk=f8b91dbc-770f-440b-bc49-8b0ea158ceb4&xptdk=f8b91dbc-770f-440b-bc49-8b0ea158ceb4","https://down-id.img.susercontent.com/file/id-11134207-822wl-mnjlwomxlzid2c","https://down-id.img.susercontent.com/file/id-11134258-822wr-mlx67rtd6r602f","Adidas RUNFALCON 5 original BNIB running men","643.000","","","","5 Terjual","https://deo.shopeemobile.com/shopee/modules-federation/live/0/shopee__item-card-standard-v2/0.2.11/pc/38e203dc86172a6c6560.svg","Besok 12:00","Surabaya","https://shopee.co.id/find_similar_products?catid=100637&itemid=46709567382&shopid=15385919","https://deo.shopeemobile.com/shopee/modules-federation/live/0/shopee__item-card-standard-v2/0.2.11/pc/a425c915798471b33e5d.png",""
"https://shopee.co.id/Sepatu-Sneakers-Adidas-ECLYPTIX-2000-Original-i.24158460.46450815592?extraParams=%7B%22display_model_id%22%3A267124131147%2C%22model_selection_logic%22%3A3%7D&sp_atk=cce9578b-2fbd-4d87-ab66-1565309b53d1&xptdk=cce9578b-2fbd-4d87-ab66-1565309b53d1","https://down-id.img.susercontent.com/file/id-11134207-8224q-mgnezfpatjwue7","https://down-id.img.susercontent.com/file/id-11134258-8224v-mkvw0cu9r7k1a5","Sepatu Sneakers Adidas ECLYPTIX 2000 Original","787.000","-13%","https://deo.shopeemobile.com/shopee/modules-federation/live/0/shopee__item-card-standard-v2/0.2.11/pc/d7099d3fd1dfdaf705ab.svg","5.0","20 Terjual","https://deo.shopeemobile.com/shopee/modules-federation/live/0/shopee__item-card-standard-v2/0.2.11/pc/76dff349290d20891fc1.svg","2-4 Hari","Yogyakarta","https://shopee.co.id/find_similar_products?catid=100012&itemid=46450815592&shopid=24158460","https://deo.shopeemobile.com/shopee/modules-federation/live/0/shopee__item-card-standard-v2/0.2.11/pc/e4734dab67ee2f9ebd5a.png",""
"https://shopee.co.id/adidas-Running-Galaxy-7-Running-Shoes-Men-Blue-JQ2627-i.270510657.42165255087?extraParams=%7B%22display_model_id%22%3A99873115779%2C%22model_selection_logic%22%3A3%7D&sp_atk=d68b5606-dbc3-45cf-a0c6-f68f9f16c4c0&xptdk=d68b5606-dbc3-45cf-a0c6-f68f9f16c4c0","https://down-id.img.susercontent.com/file/sg-11134201-824go-mdwqus0hs7wm6f","https://down-id.img.susercontent.com/file/id-11134258-822wr-mlx5y0tebegw04","adidas Running Galaxy 7 Running Shoes Men Blue JQ2627","595.000","-30%","https://deo.shopeemobile.com/shopee/modules-federation/live/0/shopee__item-card-standard-v2/0.2.11/pc/d7099d3fd1dfdaf705ab.svg","5.0","718 Terjual","https://deo.shopeemobile.com/shopee/modules-federation/live/0/shopee__item-card-standard-v2/0.2.11/pc/76dff349290d20891fc1.svg","4-5 Hari","Bekasi","https://shopee.co.id/find_similar_products?catid=100637&itemid=42165255087&shopid=270510657","https://deo.shopeemobile.com/shopee/modules-federation/live/0/shopee__item-card-standard-v2/0.2.11/pc/7c9110f78e069acbced7.png","Pilih 2, diskon 15%"
"https://shopee.co.id/adidas-Lifestyle-K-74-Shoes-Men-White-IG8952-i.270510657.26424093159?extraParams=%7B%22display_model_id%22%3A168675495848%2C%22model_selection_logic%22%3A3%7D&sp_atk=58110b37-eeab-4ff1-89d4-61ff06d6664c&xptdk=58110b37-eeab-4ff1-89d4-61ff06d6664c","https://down-id.img.susercontent.com/file/id-11134201-7rbk1-mauracsch8cyd0","https://down-id.img.susercontent.com/file/id-11134258-822wr-mlx5y0tebegw04","adidas Lifestyle K 74 Shoes Men White IG8952","1.050.000","-30%","https://deo.shopeemobile.com/shopee/modules-federation/live/0/shopee__item-card-standard-v2/0.2.11/pc/d7099d3fd1dfdaf705ab.svg","5.0","251 Terjual","https://deo.shopeemobile.com/shopee/modules-federation/live/0/shopee__item-card-standard-v2/0.2.11/pc/76dff349290d20891fc1.svg","4-5 Hari","Bekasi","https://shopee.co.id/find_similar_products?catid=100637&itemid=26424093159&shopid=270510657","https://deo.shopeemobile.com/shopee/modules-federation/live/0/shopee__item-card-standard-v2/0.2.11/pc/7c9110f78e069acbced7.png","Pilih 2, diskon 15%"
"https://shopee.co.id/ADIDAS-Sepatu-Trail-Running-ROCKR-BLAZE-JK3853-ORIGINAL-i.402386660.50453759474?extraParams=%7B%22display_model_id%22%3A410357425253%2C%22model_selection_logic%22%3A3%7D&sp_atk=679f537a-ccfd-48fa-9620-b70a14632f15&xptdk=679f537a-ccfd-48fa-9620-b70a14632f15","https://down-id.img.susercontent.com/file/sg-11134275-81zvu-mipfazct65tzca","https://down-id.img.susercontent.com/file/id-11134258-822wr-mlx67rtd6r602f","ADIDAS Sepatu Trail Running ROCKR BLAZE JK3853 ORIGINAL","595.000","-30%","https://deo.shopeemobile.com/shopee/modules-federation/live/0/shopee__item-card-standard-v2/0.2.11/pc/d7099d3fd1dfdaf705ab.svg","4.9","120 Terjual","https://deo.shopeemobile.com/shopee/modules-federation/live/0/shopee__item-card-standard-v2/0.2.11/pc/76dff349290d20891fc1.svg","3-5 Hari","Bekasi","https://shopee.co.id/find_similar_products?catid=100637&itemid=50453759474&shopid=402386660","https://deo.shopeemobile.com/shopee/modules-federation/live/0/shopee__item-card-standard-v2/0.2.11/pc/7c9110f78e069acbced7.png","Produk Baru"
"https://shopee.co.id/adidas-Running-Response-Shoes-Men-Black-IH6007-i.270510657.26418090250?extraParams=%7B%22display_model_id%22%3A119324406157%2C%22model_selection_logic%22%3A3%7D&sp_atk=28b28011-f31c-4a11-a881-ac3376113254&xptdk=28b28011-f31c-4a11-a881-ac3376113254","https://down-id.img.susercontent.com/file/id-11134201-7rbkc-maurakl52d7vaf","https://down-id.img.susercontent.com/file/id-11134258-822wr-mlx5y0tebegw04","adidas Running Response Shoes Men Black IH6007","720.000","-40%","https://deo.shopeemobile.com/shopee/modules-federation/live/0/shopee__item-card-standard-v2/0.2.11/pc/d7099d3fd1dfdaf705ab.svg","4.9","524 Terjual","https://deo.shopeemobile.com/shopee/modules-federation/live/0/shopee__item-card-standard-v2/0.2.11/pc/76dff349290d20891fc1.svg","4-5 Hari","Bekasi","https://shopee.co.id/find_similar_products?catid=100637&itemid=26418090250&shopid=270510657","https://deo.shopeemobile.com/shopee/modules-federation/live/0/shopee__item-card-standard-v2/0.2.11/pc/7c9110f78e069acbced7.png","Pilih 2, diskon 15%"
"https://shopee.co.id/adidas-Skateboarding-Lifestyle-VL-Court-Base-Shoes-Men-White-ID3709-i.270510657.26068223150?extraParams=%7B%22display_model_id%22%3A119324452299%2C%22model_selection_logic%22%3A3%7D&sp_atk=c0b69fc0-cf32-4e0e-a3c7-32a2645525a0&xptdk=c0b69fc0-cf32-4e0e-a3c7-32a2645525a0","https://down-id.img.susercontent.com/file/sg-11134201-81zu2-mmujd9qtmvwk29","https://down-id.img.susercontent.com/file/id-11134258-822wr-mlx5y0tebegw04","adidas Skateboarding & Lifestyle VL Court Base Shoes Men White ID3709","630.000","-30%","https://deo.shopeemobile.com/shopee/modules-federation/live/0/shopee__item-card-standard-v2/0.2.11/pc/d7099d3fd1dfdaf705ab.svg","4.8","195 Terjual","https://deo.shopeemobile.com/shopee/modules-federation/live/0/shopee__item-card-standard-v2/0.2.11/pc/76dff349290d20891fc1.svg","4-5 Hari","Bekasi","https://shopee.co.id/find_similar_products?catid=100637&itemid=26068223150&shopid=270510657","https://deo.shopeemobile.com/shopee/modules-federation/live/0/shopee__item-card-standard-v2/0.2.11/pc/7c9110f78e069acbced7.png","Pilih 2, diskon 15%"
"https://shopee.co.id/adidas-Lifestyle-R71-Shoes-Men-White-JR2011-i.270510657.57351008288?extraParams=%7B%22display_model_id%22%3A380090696425%2C%22model_selection_logic%22%3A3%7D&sp_atk=bc8440d9-5667-4744-985e-c14f75ab0ed7&xptdk=bc8440d9-5667-4744-985e-c14f75ab0ed7","https://down-id.img.susercontent.com/file/id-11134211-822wi-mo4y8wgmmebp9d","https://down-id.img.susercontent.com/file/id-11134258-822wr-mlx5y0tebegw04","adidas Lifestyle R71 Shoes Men White JR2011","1.100.000","","https://deo.shopeemobile.com/shopee/modules-federation/live/0/shopee__item-card-standard-v2/0.2.11/pc/d7099d3fd1dfdaf705ab.svg","4.9","34 Terjual","https://deo.shopeemobile.com/shopee/modules-federation/live/0/shopee__item-card-standard-v2/0.2.11/pc/76dff349290d20891fc1.svg","4-5 Hari","Bekasi","https://shopee.co.id/find_similar_products?catid=100637&itemid=57351008288&shopid=270510657","https://deo.shopeemobile.com/shopee/modules-federation/live/0/shopee__item-card-standard-v2/0.2.11/pc/7c9110f78e069acbced7.png",""
"https://shopee.co.id/adidas-Lifestyle-RUN-70s-2.0-Shoes-Men-Black-IH8585-i.270510657.41401192968?extraParams=%7B%22display_model_id%22%3A224241612350%2C%22model_selection_logic%22%3A3%7D&sp_atk=9a15756a-f629-4213-917b-623083a1bf19&xptdk=9a15756a-f629-4213-917b-623083a1bf19","https://down-id.img.susercontent.com/file/id-11134201-7rbkc-maupl850v0o46e","https://down-id.img.susercontent.com/file/id-11134258-822wr-mlx5y0tebegw04","adidas Lifestyle RUN 70s 2.0 Shoes Men Black IH8585","990.000","-10%","https://deo.shopeemobile.com/shopee/modules-federation/live/0/shopee__item-card-standard-v2/0.2.11/pc/d7099d3fd1dfdaf705ab.svg","4.9","506 Terjual","https://deo.shopeemobile.com/shopee/modules-federation/live/0/shopee__item-card-standard-v2/0.2.11/pc/76dff349290d20891fc1.svg","4-5 Hari","Bekasi","https://shopee.co.id/find_similar_products?catid=100637&itemid=41401192968&shopid=270510657","https://deo.shopeemobile.com/shopee/modules-federation/live/0/shopee__item-card-standard-v2/0.2.11/pc/7c9110f78e069acbced7.png","Pilih 2, diskon 15%"
"https://shopee.co.id/adidas-Running-Runfalcon-3.0-Shoes-Men-Black-IE0742-i.270510657.27918085180?extraParams=%7B%22display_model_id%22%3A247062558636%2C%22model_selection_logic%22%3A3%7D&sp_atk=1c38662b-7b7e-4b5e-8179-e2abb576aaca&xptdk=1c38662b-7b7e-4b5e-8179-e2abb576aaca","https://down-id.img.susercontent.com/file/id-11134201-7rbk1-mauquez46l5ef0","https://down-id.img.susercontent.com/file/id-11134258-822wr-mlx5y0tebegw04","adidas Running Runfalcon 3.0 Shoes Men Black IE0742","595.000","-30%","https://deo.shopeemobile.com/shopee/modules-federation/live/0/shopee__item-card-standard-v2/0.2.11/pc/d7099d3fd1dfdaf705ab.svg","4.9","2RB+ Terjual","https://deo.shopeemobile.com/shopee/modules-federation/live/0/shopee__item-card-standard-v2/0.2.11/pc/76dff349290d20891fc1.svg","4-5 Hari","Bekasi","https://shopee.co.id/find_similar_products?catid=100637&itemid=27918085180&shopid=270510657","https://deo.shopeemobile.com/shopee/modules-federation/live/0/shopee__item-card-standard-v2/0.2.11/pc/7c9110f78e069acbced7.png","Pilih 2, diskon 15%"
"https://shopee.co.id/ADIDAS-Sepatu-Sneakers-Pria-BREAKNET-3.0-JQ5482-ORIGINAL-i.402386660.43578724384?extraParams=%7B%22display_model_id%22%3A330556141454%2C%22model_selection_logic%22%3A3%7D&sp_atk=dbc84246-c324-4211-883d-79cdbf2345af&xptdk=dbc84246-c324-4211-883d-79cdbf2345af","https://down-id.img.susercontent.com/file/sg-11134275-8260l-mkm4wgazsydd10","https://down-id.img.susercontent.com/file/id-11134258-822wr-mlx67rtd6r602f","ADIDAS Sepatu Sneakers Pria BREAKNET 3.0 JQ5482 ORIGINAL","900.000","","https://deo.shopeemobile.com/shopee/modules-federation/live/0/shopee__item-card-standard-v2/0.2.11/pc/d7099d3fd1dfdaf705ab.svg","4.9","47 Terjual","https://deo.shopeemobile.com/shopee/modules-federation/live/0/shopee__item-card-standard-v2/0.2.11/pc/76dff349290d20891fc1.svg","3-5 Hari","Bekasi","https://shopee.co.id/find_similar_products?catid=100012&itemid=43578724384&shopid=402386660","https://deo.shopeemobile.com/shopee/modules-federation/live/0/shopee__item-card-standard-v2/0.2.11/pc/7c9110f78e069acbced7.png",""
"https://shopee.co.id/adidas-Lifestyle-Campus-2.0-Shoes-Men-Green-IE9069-i.270510657.40601191837?extraParams=%7B%22display_model_id%22%3A260096591957%2C%22model_selection_logic%22%3A3%7D&sp_atk=29270982-8b86-46c8-812d-692482d27b39&xptdk=29270982-8b86-46c8-812d-692482d27b39","https://down-id.img.susercontent.com/file/id-11134201-7rbk0-mauprqr1qb8r76","https://down-id.img.susercontent.com/file/id-11134258-822wr-mlx5y0tebegw04","adidas Lifestyle Campus 2.0 Shoes Men Green IE9069","1.130.500","-34%","https://deo.shopeemobile.com/shopee/modules-federation/live/0/shopee__item-card-standard-v2/0.2.11/pc/d7099d3fd1dfdaf705ab.svg","4.9","163 Terjual","https://deo.shopeemobile.com/shopee/modules-federation/live/0/shopee__item-card-standard-v2/0.2.11/pc/76dff349290d20891fc1.svg","4-5 Hari","Bekasi","https://shopee.co.id/find_similar_products?catid=100637&itemid=40601191837&shopid=270510657","https://deo.shopeemobile.com/shopee/modules-federation/live/0/shopee__item-card-standard-v2/0.2.11/pc/7c9110f78e069acbced7.png","Pilih 2, diskon 15%"
"https://shopee.co.id/adidas-Barreda-Men's-Sneakers-Shoes-Black-i.234490784.28072527139?extraParams=%7B%22display_model_id%22%3A252397018694%2C%22model_selection_logic%22%3A3%7D&sp_atk=9b6f7b9f-7891-4ac0-8927-f05f1052d39b&xptdk=9b6f7b9f-7891-4ac0-8927-f05f1052d39b","https://down-id.img.susercontent.com/file/sg-11134201-7ra3h-m4kai0uvgm1u3a","https://down-id.img.susercontent.com/file/id-11134258-822wp-mlyjp115kz5tc6","adidas Barreda Men's Sneakers Shoes - Black","720.000","-20%","https://deo.shopeemobile.com/shopee/modules-federation/live/0/shopee__item-card-standard-v2/0.2.11/pc/d7099d3fd1dfdaf705ab.svg","5.0","59 Terjual","https://deo.shopeemobile.com/shopee/modules-federation/live/0/shopee__item-card-standard-v2/0.2.11/pc/76dff349290d20891fc1.svg","3-5 Hari","Kab. Bogor","https://shopee.co.id/find_similar_products?catid=100012&itemid=28072527139&shopid=234490784","https://deo.shopeemobile.com/shopee/modules-federation/live/0/shopee__item-card-standard-v2/0.2.11/pc/7c9110f78e069acbced7.png","Pilih 2, diskon 20%"
"https://shopee.co.id/adidas-Running-Duramo-SL-Shoes-Men-Grey-FY6680-i.270510657.24888525268?extraParams=%7B%22display_model_id%22%3A148892493396%2C%22model_selection_logic%22%3A3%7D&sp_atk=17732395-e61f-478b-85c2-37347d7c6956&xptdk=17732395-e61f-478b-85c2-37347d7c6956","https://down-id.img.susercontent.com/file/id-11134201-7rbk3-maurjvrikn8203","https://down-id.img.susercontent.com/file/id-11134258-822wr-mlx5y0tebegw04","adidas Running Duramo SL Shoes Men Grey FY6680","630.000","-30%","https://deo.shopeemobile.com/shopee/modules-federation/live/0/shopee__item-card-standard-v2/0.2.11/pc/d7099d3fd1dfdaf705ab.svg","4.9","1RB+ Terjual","https://deo.shopeemobile.com/shopee/modules-federation/live/0/shopee__item-card-standard-v2/0.2.11/pc/76dff349290d20891fc1.svg","4-5 Hari","Bekasi","https://shopee.co.id/find_similar_products?catid=100637&itemid=24888525268&shopid=270510657","https://deo.shopeemobile.com/shopee/modules-federation/live/0/shopee__item-card-standard-v2/0.2.11/pc/7c9110f78e069acbced7.png","Pilih 2, diskon 15%"
"https://shopee.co.id/adidas-Running-Opticrun-Running-Shoes-Women-Grey-JJ6447-i.270510657.41315249737?extraParams=%7B%22display_model_id%22%3A276260967624%2C%22model_selection_logic%22%3A3%7D&sp_atk=0e3b0202-caab-4bc6-95b9-000fdf75d1eb&xptdk=0e3b0202-caab-4bc6-95b9-000fdf75d1eb","https://down-id.img.susercontent.com/file/sg-11134201-824i7-mdwsn749ophfef","https://down-id.img.susercontent.com/file/id-11134258-822wr-mlx5y0tebegw04","adidas Running Opticrun Running Shoes Women Grey JJ6447","490.000","-30%","https://deo.shopeemobile.com/shopee/modules-federation/live/0/shopee__item-card-standard-v2/0.2.11/pc/d7099d3fd1dfdaf705ab.svg","5.0","54 Terjual","https://deo.shopeemobile.com/shopee/modules-federation/live/0/shopee__item-card-standard-v2/0.2.11/pc/76dff349290d20891fc1.svg","4-5 Hari","Bekasi","https://shopee.co.id/find_similar_products?catid=100637&itemid=41315249737&shopid=270510657","https://deo.shopeemobile.com/shopee/modules-federation/live/0/shopee__item-card-standard-v2/0.2.11/pc/7c9110f78e069acbced7.png","Pilih 2, diskon 15%"
"https://shopee.co.id/adidas-Running-GALAXY-RUNNING-SHOES-Men-Pink-KJ3488-i.270510657.53301008395?extraParams=%7B%22display_model_id%22%3A350090760806%2C%22model_selection_logic%22%3A3%7D&sp_atk=26955269-fc48-45c0-a8bc-0c3741fdd060&xptdk=26955269-fc48-45c0-a8bc-0c3741fdd060","https://down-id.img.susercontent.com/file/sg-11134201-821fj-mgsqkxfjbtajba","https://down-id.img.susercontent.com/file/id-11134258-822wr-mlx5y0tebegw04","adidas Running GALAXY RUNNING SHOES Men Pink KJ3488","650.000","","https://deo.shopeemobile.com/shopee/modules-federation/live/0/shopee__item-card-standard-v2/0.2.11/pc/d7099d3fd1dfdaf705ab.svg","5.0","29 Terjual","https://deo.shopeemobile.com/shopee/modules-federation/live/0/shopee__item-card-standard-v2/0.2.11/pc/76dff349290d20891fc1.svg","4-6 Hari","Bekasi","https://shopee.co.id/find_similar_products?catid=100637&itemid=53301008395&shopid=270510657","https://deo.shopeemobile.com/shopee/modules-federation/live/0/shopee__item-card-standard-v2/0.2.11/pc/7c9110f78e069acbced7.png",""
"https://shopee.co.id/adidas-Lifestyle-Adizero-Aruku-Shoes-Unisex-White-JR1611-i.270510657.28690515221?extraParams=%7B%22display_model_id%22%3A286260724119%2C%22model_selection_logic%22%3A3%7D&sp_atk=2d947898-995b-4d6c-9650-02d09336bfe5&xptdk=2d947898-995b-4d6c-9650-02d09336bfe5","https://down-id.img.susercontent.com/file/sg-11134201-824il-mdwrmw4frfuu00","https://down-id.img.susercontent.com/file/id-11134258-822wr-mlx5y0tebegw04","adidas Lifestyle Adizero Aruku Shoes Unisex White JR1611","1.396.500","-34%","https://deo.shopeemobile.com/shopee/modules-federation/live/0/shopee__item-card-standard-v2/0.2.11/pc/d7099d3fd1dfdaf705ab.svg","5.0","203 Terjual","https://deo.shopeemobile.com/shopee/modules-federation/live/0/shopee__item-card-standard-v2/0.2.11/pc/76dff349290d20891fc1.svg","4-6 Hari","Bekasi","https://shopee.co.id/find_similar_products?catid=100637&itemid=28690515221&shopid=270510657","https://deo.shopeemobile.com/shopee/modules-federation/live/0/shopee__item-card-standard-v2/0.2.11/pc/7c9110f78e069acbced7.png","Pilih 2, diskon 15%"
"https://shopee.co.id/adidas-Tennis-Lifestyle-Courtblock-Shoes-Men-White-IF4032-i.270510657.26490503845?extraParams=%7B%22display_model_id%22%3A281259899903%2C%22model_selection_logic%22%3A3%7D&sp_atk=e2fa41ea-3bcc-44d6-a187-2285ad30fa71&xptdk=e2fa41ea-3bcc-44d6-a187-2285ad30fa71","https://down-id.img.susercontent.com/file/sg-11134201-82598-mg8q18wgnfux77","https://down-id.img.susercontent.com/file/id-11134258-822wr-mlx5y0tebegw04","adidas Tennis & Lifestyle Courtblock Shoes Men White IF4032","810.000","-10%","https://deo.shopeemobile.com/shopee/modules-federation/live/0/shopee__item-card-standard-v2/0.2.11/pc/d7099d3fd1dfdaf705ab.svg","5.0","13 Terjual","https://deo.shopeemobile.com/shopee/modules-federation/live/0/shopee__item-card-standard-v2/0.2.11/pc/76dff349290d20891fc1.svg","4-6 Hari","Bekasi","https://shopee.co.id/find_similar_products?catid=100637&itemid=26490503845&shopid=270510657","https://deo.shopeemobile.com/shopee/modules-federation/live/0/shopee__item-card-standard-v2/0.2.11/pc/7c9110f78e069acbced7.png","Pilih 2, diskon 15%"
"https://shopee.co.id/adidas-Lifestyle-Ultradream-DNA-Shoes-Men-Black-JS0322-i.270510657.27936680554?extraParams=%7B%22display_model_id%22%3A186085672674%2C%22model_selection_logic%22%3A3%7D&sp_atk=1d2874bd-4a71-424b-ba32-36d2b15154ba&xptdk=1d2874bd-4a71-424b-ba32-36d2b15154ba","https://down-id.img.susercontent.com/file/id-11134201-7rbk2-mauqu4pj8vhn7b","https://down-id.img.susercontent.com/file/id-11134258-822wr-mlx5y0tebegw04","adidas Lifestyle Ultradream DNA Shoes Men Black JS0322","1.050.000","-30%","https://deo.shopeemobile.com/shopee/modules-federation/live/0/shopee__item-card-standard-v2/0.2.11/pc/d7099d3fd1dfdaf705ab.svg","4.9","81 Terjual","https://deo.shopeemobile.com/shopee/modules-federation/live/0/shopee__item-card-standard-v2/0.2.11/pc/76dff349290d20891fc1.svg","4-6 Hari","Bekasi","https://shopee.co.id/find_similar_products?catid=100637&itemid=27936680554&shopid=270510657","https://deo.shopeemobile.com/shopee/modules-federation/live/0/shopee__item-card-standard-v2/0.2.11/pc/7c9110f78e069acbced7.png","Pilih 2, diskon 15%"
"https://shopee.co.id/adidas-Lifestyle-Running-Lite-Racer-CLN-2.0-Shoes-Men-Black-GZ2813-i.270510657.27518084843?extraParams=%7B%22display_model_id%22%3A197989509459%2C%22model_selection_logic%22%3A3%7D&sp_atk=c426ff72-f5ca-4eab-9ea8-ad3628e27a06&xptdk=c426ff72-f5ca-4eab-9ea8-ad3628e27a06","https://down-id.img.susercontent.com/file/id-11134201-7rbk3-mauqygjb7loyaf","https://down-id.img.susercontent.com/file/id-11134258-822wr-mlx5y0tebegw04","adidas Lifestyle & Running Lite Racer CLN 2.0 Shoes Men Black GZ2813","630.000","-30%","https://deo.shopeemobile.com/shopee/modules-federation/live/0/shopee__item-card-standard-v2/0.2.11/pc/d7099d3fd1dfdaf705ab.svg","4.9","2RB+ Terjual","https://deo.shopeemobile.com/shopee/modules-federation/live/0/shopee__item-card-standard-v2/0.2.11/pc/76dff349290d20891fc1.svg","4-6 Hari","Bekasi","https://shopee.co.id/find_similar_products?catid=100012&itemid=27518084843&shopid=270510657","https://deo.shopeemobile.com/shopee/modules-federation/live/0/shopee__item-card-standard-v2/0.2.11/pc/7c9110f78e069acbced7.png","Pilih 2, diskon 15%"
"https://shopee.co.id/adidas-Lifestyle-ADVANTAGE-BASE-SHOES-Men-Black-GW9284-i.270510657.29618082117?extraParams=%7B%22display_model_id%22%3A257062572295%2C%22model_selection_logic%22%3A3%7D&sp_atk=1bedd3b3-84a4-47c8-a090-22492c256492&xptdk=1bedd3b3-84a4-47c8-a090-22492c256492","https://down-id.img.susercontent.com/file/id-11134201-7rbk3-mauq11fy2fe361","https://down-id.img.susercontent.com/file/id-11134258-822wr-mlx5y0tebegw04","adidas Lifestyle ADVANTAGE BASE SHOES Men Black GW9284","665.000","-30%","https://deo.shopeemobile.com/shopee/modules-federation/live/0/shopee__item-card-standard-v2/0.2.11/pc/d7099d3fd1dfdaf705ab.svg","4.9","1RB+ Terjual","https://deo.shopeemobile.com/shopee/modules-federation/live/0/shopee__item-card-standard-v2/0.2.11/pc/76dff349290d20891fc1.svg","4-6 Hari","Bekasi","https://shopee.co.id/find_similar_products?catid=100012&itemid=29618082117&shopid=270510657","https://deo.shopeemobile.com/shopee/modules-federation/live/0/shopee__item-card-standard-v2/0.2.11/pc/7c9110f78e069acbced7.png","Pilih 2, diskon 15%"
"https://shopee.co.id/(COD)-Sepatu-Adidas-Broomfield-Grey-Navy-Unisex--i.754189372.21515924339?extraParams=%7B%22display_model_id%22%3A109154785620%2C%22model_selection_logic%22%3A3%7D&sp_atk=bb62f619-7410-43c0-aa84-a942a04f0b85&xptdk=bb62f619-7410-43c0-aa84-a942a04f0b85","https://down-id.img.susercontent.com/file/sg-11134201-7qvei-lfic0lvibyml34","https://down-id.img.susercontent.com/file/id-11134258-822wp-mlyjp115kz5tc6","(COD) Sepatu Adidas Broomfield Grey Navy ""Unisex""","800.000","-50%","https://deo.shopeemobile.com/shopee/modules-federation/live/0/shopee__item-card-standard-v2/0.2.11/pc/d7099d3fd1dfdaf705ab.svg","4.9","833 Terjual","https://deo.shopeemobile.com/shopee/modules-federation/live/0/shopee__item-card-standard-v2/0.2.11/pc/76dff349290d20891fc1.svg","3-5 Hari","Kab. Bogor","https://shopee.co.id/find_similar_products?catid=100012&itemid=21515924339&shopid=754189372","https://deo.shopeemobile.com/shopee/modules-federation/live/0/shopee__item-card-standard-v2/0.2.11/pc/a425c915798471b33e5d.png","Kombo Hemat"
"https://shopee.co.id/adidas-Running-Duramo-SL-Shoes-Men-White-GV7125-i.270510657.24988525501?extraParams=%7B%22display_model_id%22%3A197989293431%2C%22model_selection_logic%22%3A3%7D&sp_atk=ddc2d74d-364a-48f8-88e7-3589fea8ba39&xptdk=ddc2d74d-364a-48f8-88e7-3589fea8ba39","https://down-id.img.susercontent.com/file/id-11134201-7rbk4-maurjkfx55pg63","https://down-id.img.susercontent.com/file/id-11134258-822wr-mlx5y0tebegw04","adidas Running Duramo SL Shoes Men White GV7125","630.000","-30%","https://deo.shopeemobile.com/shopee/modules-federation/live/0/shopee__item-card-standard-v2/0.2.11/pc/d7099d3fd1dfdaf705ab.svg","4.9","2RB+ Terjual","https://deo.shopeemobile.com/shopee/modules-federation/live/0/shopee__item-card-standard-v2/0.2.11/pc/76dff349290d20891fc1.svg","4-6 Hari","Bekasi","https://shopee.co.id/find_similar_products?catid=100637&itemid=24988525501&shopid=270510657","https://deo.shopeemobile.com/shopee/modules-federation/live/0/shopee__item-card-standard-v2/0.2.11/pc/7c9110f78e069acbced7.png","Pilih 2, diskon 15%"
"https://shopee.co.id/adidas-Lifestyle-Ultimashow-2.0-Shoes-Men-Black-IE8900-i.270510657.27918092716?extraParams=%7B%22display_model_id%22%3A223481634604%2C%22model_selection_logic%22%3A3%7D&sp_atk=c7910df4-161f-49ab-badc-92d3cee5e2cf&xptdk=c7910df4-161f-49ab-badc-92d3cee5e2cf","https://down-id.img.susercontent.com/file/sg-11134201-820o5-mnhbn0zgjdoi03","https://down-id.img.susercontent.com/file/id-11134258-822wr-mlx5y0tebegw04","adidas Lifestyle Ultimashow 2.0 Shoes Men Black IE8900","630.000","-30%","https://deo.shopeemobile.com/shopee/modules-federation/live/0/shopee__item-card-standard-v2/0.2.11/pc/d7099d3fd1dfdaf705ab.svg","4.9","827 Terjual","https://deo.shopeemobile.com/shopee/modules-federation/live/0/shopee__item-card-standard-v2/0.2.11/pc/76dff349290d20891fc1.svg","4-6 Hari","Bekasi","https://shopee.co.id/find_similar_products?catid=100637&itemid=27918092716&shopid=270510657","https://deo.shopeemobile.com/shopee/modules-federation/live/0/shopee__item-card-standard-v2/0.2.11/pc/7c9110f78e069acbced7.png","Pilih 2, diskon 15%"
"https://shopee.co.id/adidas-Running-Duramo-SL-Shoes-Men-Blue-IE7967-i.270510657.44250912411?extraParams=%7B%22display_model_id%22%3A285072960275%2C%22model_selection_logic%22%3A3%7D&sp_atk=c5152f0f-25ad-426a-8dde-c097f74e7f93&xptdk=c5152f0f-25ad-426a-8dde-c097f74e7f93","https://down-id.img.susercontent.com/file/id-11134201-7rbk9-mauoxbqjztko59","https://down-id.img.susercontent.com/file/id-11134258-822wr-mlx5y0tebegw04","adidas Running Duramo SL Shoes Men Blue IE7967","630.000","-30%","https://deo.shopeemobile.com/shopee/modules-federation/live/0/shopee__item-card-standard-v2/0.2.11/pc/d7099d3fd1dfdaf705ab.svg","5.0","408 Terjual","https://deo.shopeemobile.com/shopee/modules-federation/live/0/shopee__item-card-standard-v2/0.2.11/pc/76dff349290d20891fc1.svg","4-6 Hari","Bekasi","https://shopee.co.id/find_similar_products?catid=100637&itemid=44250912411&shopid=270510657","https://deo.shopeemobile.com/shopee/modules-federation/live/0/shopee__item-card-standard-v2/0.2.11/pc/7c9110f78e069acbced7.png","Pilih 2, diskon 15%"
"https://shopee.co.id/adidas-RUNNING-Sepatu-Duramo-10-Putih-Original-BNIB-HQ4130-i.86237065.23671023626?extraParams=%7B%22display_model_id%22%3A108507292208%2C%22model_selection_logic%22%3A3%7D&sp_atk=d3d48137-56bd-45f1-a324-f39072ae2ae0&xptdk=d3d48137-56bd-45f1-a324-f39072ae2ae0","https://down-id.img.susercontent.com/file/id-11134207-7qukw-li0uv0ofzqw4ce","https://down-id.img.susercontent.com/file/id-11134258-822wr-mlx67rtd6r602f","adidas RUNNING Sepatu Duramo 10 Putih Original BNIB - HQ4130","599.000","-33%","https://deo.shopeemobile.com/shopee/modules-federation/live/0/shopee__item-card-standard-v2/0.2.11/pc/d7099d3fd1dfdaf705ab.svg","4.9","140 Terjual","https://deo.shopeemobile.com/shopee/modules-federation/live/0/shopee__item-card-standard-v2/0.2.11/pc/76dff349290d20891fc1.svg","2-4 Hari","Tangerang Selatan","https://shopee.co.id/find_similar_products?catid=100637&itemid=23671023626&shopid=86237065","https://deo.shopeemobile.com/shopee/modules-federation/live/0/shopee__item-card-standard-v2/0.2.11/pc/e4734dab67ee2f9ebd5a.png",""
"https://shopee.co.id/adidas-Running-Duramo-RC2-Running-Shoes-Men-Turquoise-JQ8076-i.270510657.42565252016?extraParams=%7B%22display_model_id%22%3A281260383379%2C%22model_selection_logic%22%3A3%7D&sp_atk=40487663-059c-468c-8a30-81fd54bc0b73&xptdk=40487663-059c-468c-8a30-81fd54bc0b73","https://down-id.img.susercontent.com/file/sg-11134201-824ip-mdwpy3oggq2r53","https://down-id.img.susercontent.com/file/id-11134258-822wr-mlx5y0tebegw04","adidas Running Duramo RC2 Running Shoes Men Turquoise JQ8076","510.000","-40%","https://deo.shopeemobile.com/shopee/modules-federation/live/0/shopee__item-card-standard-v2/0.2.11/pc/d7099d3fd1dfdaf705ab.svg","5.0","430 Terjual","https://deo.shopeemobile.com/shopee/modules-federation/live/0/shopee__item-card-standard-v2/0.2.11/pc/76dff349290d20891fc1.svg","4-6 Hari","Bekasi","https://shopee.co.id/find_similar_products?catid=100637&itemid=42565252016&shopid=270510657","https://deo.shopeemobile.com/shopee/modules-federation/live/0/shopee__item-card-standard-v2/0.2.11/pc/7c9110f78e069acbced7.png","Pilih 2, diskon 15%"
"https://shopee.co.id/adidas-Running-Runfalcon-3.0-Shoes-Men-Grey-HP7548-i.270510657.29318083854?extraParams=%7B%22display_model_id%22%3A197989393395%2C%22model_selection_logic%22%3A3%7D&sp_atk=82e2ba65-8abc-400f-9123-e618ac190881&xptdk=82e2ba65-8abc-400f-9123-e618ac190881","https://down-id.img.susercontent.com/file/id-11134201-7rbk7-mauq49r5jpk498","https://down-id.img.susercontent.com/file/id-11134258-822wr-mlx5y0tebegw04","adidas Running Runfalcon 3.0 Shoes Men Grey HP7548","595.000","-30%","https://deo.shopeemobile.com/shopee/modules-federation/live/0/shopee__item-card-standard-v2/0.2.11/pc/d7099d3fd1dfdaf705ab.svg","4.9","2RB+ Terjual","https://deo.shopeemobile.com/shopee/modules-federation/live/0/shopee__item-card-standard-v2/0.2.11/pc/76dff349290d20891fc1.svg","4-6 Hari","Bekasi","https://shopee.co.id/find_similar_products?catid=100637&itemid=29318083854&shopid=270510657","https://deo.shopeemobile.com/shopee/modules-federation/live/0/shopee__item-card-standard-v2/0.2.11/pc/7c9110f78e069acbced7.png","Pilih 2, diskon 15%"
"https://shopee.co.id/Adidas-Samba-Vegan-White-Gum-Original-Faux-Leather-i.367300348.23077465801?extraParams=%7B%22display_model_id%22%3A205771423863%2C%22model_selection_logic%22%3A3%7D&sp_atk=192d22bd-37ac-43f6-9c77-62da40f8aeba&xptdk=192d22bd-37ac-43f6-9c77-62da40f8aeba","https://down-id.img.susercontent.com/file/id-11134207-81ztq-mf552qr0dgcs2e","https://down-id.img.susercontent.com/file/id-11134258-822wr-mlx67rtd6r602f","Adidas Samba Vegan White Gum Original Faux Leather","930.400","-40%","https://deo.shopeemobile.com/shopee/modules-federation/live/0/shopee__item-card-standard-v2/0.2.11/pc/d7099d3fd1dfdaf705ab.svg","4.9","915 Terjual","https://deo.shopeemobile.com/shopee/modules-federation/live/0/shopee__item-card-standard-v2/0.2.11/pc/38e203dc86172a6c6560.svg","< 2 Hari","Bandung","https://shopee.co.id/find_similar_products?catid=100012&itemid=23077465801&shopid=367300348","https://deo.shopeemobile.com/shopee/modules-federation/live/0/shopee__item-card-standard-v2/0.2.11/pc/e4734dab67ee2f9ebd5a.png","Hadiah Gratis"
"https://shopee.co.id/adidas-Running-Runfalcon-5-Running-Shoes-Men-Black-IH7758-i.270510657.29718092282?extraParams=%7B%22display_model_id%22%3A178549422809%2C%22model_selection_logic%22%3A3%7D&sp_atk=6413fbaa-4c3f-4d40-99b8-06cf62047a33&xptdk=6413fbaa-4c3f-4d40-99b8-06cf62047a33","https://down-id.img.susercontent.com/file/sg-11134201-7rdwd-mcc1w520vh5laa","https://down-id.img.susercontent.com/file/id-11134258-822wr-mlx5y0tebegw04","adidas Running Runfalcon 5 Running Shoes Men Black IH7758","765.000","-10%","https://deo.shopeemobile.com/shopee/modules-federation/live/0/shopee__item-card-standard-v2/0.2.11/pc/d7099d3fd1dfdaf705ab.svg","4.9","1RB+ Terjual","https://deo.shopeemobile.com/shopee/modules-federation/live/0/shopee__item-card-standard-v2/0.2.11/pc/76dff349290d20891fc1.svg","4-6 Hari","Bekasi","https://shopee.co.id/find_similar_products?catid=100637&itemid=29718092282&shopid=270510657","https://deo.shopeemobile.com/shopee/modules-federation/live/0/shopee__item-card-standard-v2/0.2.11/pc/7c9110f78e069acbced7.png","Pilih 2, diskon 15%"
"https://shopee.co.id/ADIDAS-Sepatu-Sneakers-Pria-FEROZA-BASE-MERCEDES-AMG-PETRONAS-FORMULA-ONE-TEAM-KJ6175-ORIGINAL-i.402386660.47256213252?extraParams=%7B%22display_model_id%22%3A315563563026%2C%22model_selection_logic%22%3A3%7D&sp_atk=65b0d1c5-43dd-4d68-910f-91fafc847e79&xptdk=65b0d1c5-43dd-4d68-910f-91fafc847e79","https://down-id.img.susercontent.com/file/sg-11134275-8262n-mkor02w99fk642","https://down-id.img.susercontent.com/file/id-11134258-822wr-mlx67rtd6r602f","ADIDAS Sepatu Sneakers Pria FEROZA BASE MERCEDES - AMG PETRONAS FORMULA ONE TEAM KJ6175 ORIGINAL","1.900.000","","https://deo.shopeemobile.com/shopee/modules-federation/live/0/shopee__item-card-standard-v2/0.2.11/pc/d7099d3fd1dfdaf705ab.svg","5.0","8 Terjual","https://deo.shopeemobile.com/shopee/modules-federation/live/0/shopee__item-card-standard-v2/0.2.11/pc/76dff349290d20891fc1.svg","3-5 Hari","Bekasi","https://shopee.co.id/find_similar_products?catid=100012&itemid=47256213252&shopid=402386660","https://deo.shopeemobile.com/shopee/modules-federation/live/0/shopee__item-card-standard-v2/0.2.11/pc/7c9110f78e069acbced7.png",""
"https://shopee.co.id/adidas-Lifestyle-VL-COURT-3.0-Women-White-IH6606-i.270510657.54457295506?extraParams=%7B%22display_model_id%22%3A410648768296%2C%22model_selection_logic%22%3A3%7D&sp_atk=d8623a7c-f3d1-4206-b53d-9649356f7057&xptdk=d8623a7c-f3d1-4206-b53d-9649356f7057","https://down-id.img.susercontent.com/file/sg-11134201-8262e-mlwd217nkcn419","https://down-id.img.susercontent.com/file/id-11134258-822wr-mlx5y0tebegw04","adidas Lifestyle VL COURT 3.0 Women White IH6606","770.000","-30%","https://deo.shopeemobile.com/shopee/modules-federation/live/0/shopee__item-card-standard-v2/0.2.11/pc/d7099d3fd1dfdaf705ab.svg","5.0","10 Terjual","https://deo.shopeemobile.com/shopee/modules-federation/live/0/shopee__item-card-standard-v2/0.2.11/pc/76dff349290d20891fc1.svg","4-6 Hari","Bekasi","https://shopee.co.id/find_similar_products?catid=100637&itemid=54457295506&shopid=270510657","https://deo.shopeemobile.com/shopee/modules-federation/live/0/shopee__item-card-standard-v2/0.2.11/pc/7c9110f78e069acbced7.png","Pilih 2, diskon 15%"
"https://shopee.co.id/adidas-Lifestyle-APWR-Backpack-Unisex-Turquoise-JX6561-i.270510657.42874000223?extraParams=%7B%22display_model_id%22%3A306949361199%2C%22model_selection_logic%22%3A3%7D&sp_atk=9ddec74a-4b17-47fc-8167-bf4c264fd197&xptdk=9ddec74a-4b17-47fc-8167-bf4c264fd197","https://down-id.img.susercontent.com/file/sg-11134201-8259a-mfsxdch6hbt80f","https://down-id.img.susercontent.com/file/id-11134258-822wr-mlx5y0tebegw04","adidas Lifestyle APWR Backpack Unisex Turquoise JX6561","420.000","-30%","https://deo.shopeemobile.com/shopee/modules-federation/live/0/shopee__item-card-standard-v2/0.2.11/pc/d7099d3fd1dfdaf705ab.svg","5.0","23 Terjual","https://deo.shopeemobile.com/shopee/modules-federation/live/0/shopee__item-card-standard-v2/0.2.11/pc/76dff349290d20891fc1.svg","4-6 Hari","Bekasi","https://shopee.co.id/find_similar_products?catid=100637&itemid=42874000223&shopid=270510657","https://deo.shopeemobile.com/shopee/modules-federation/live/0/shopee__item-card-standard-v2/0.2.11/pc/7c9110f78e069acbced7.png","Pilih 2, diskon 15%"
"https://shopee.co.id/adidas-Lifestyle-Daily-4.0-Shoes-Unisex-Black-JH6930-i.270510657.54001007513?extraParams=%7B%22display_model_id%22%3A405090416918%2C%22model_selection_logic%22%3A3%7D&sp_atk=69d65d5a-e99c-4681-bf2b-4193f3b04349&xptdk=69d65d5a-e99c-4681-bf2b-4193f3b04349","https://down-id.img.susercontent.com/file/sg-11134201-821el-mgslolt6hde0aa","https://down-id.img.susercontent.com/file/id-11134258-822wr-mlx5y0tebegw04","adidas Lifestyle Daily 4.0 Shoes Unisex Black JH6930","990.000","-10%","https://deo.shopeemobile.com/shopee/modules-federation/live/0/shopee__item-card-standard-v2/0.2.11/pc/d7099d3fd1dfdaf705ab.svg","5.0","7 Terjual","https://deo.shopeemobile.com/shopee/modules-federation/live/0/shopee__item-card-standard-v2/0.2.11/pc/76dff349290d20891fc1.svg","4-6 Hari","Bekasi","https://shopee.co.id/find_similar_products?catid=100637&itemid=54001007513&shopid=270510657","https://deo.shopeemobile.com/shopee/modules-federation/live/0/shopee__item-card-standard-v2/0.2.11/pc/7c9110f78e069acbced7.png","Pilih 2, diskon 15%"
"https://shopee.co.id/adidas-Lifestyle-Ultradream-DNA-Shoes-Men-Black-JS0322-i.270510657.27936680554?extraParams=%7B%22display_model_id%22%3A186085672674%2C%22model_selection_logic%22%3A3%7D&sp_atk=942310da-cf96-4797-83eb-d22dbf7536b6&xptdk=942310da-cf96-4797-83eb-d22dbf7536b6","https://down-id.img.susercontent.com/file/id-11134201-7rbkd-mauqu4vmyjcbc4","https://down-id.img.susercontent.com/file/id-11134258-822wr-mlx5y0tebegw04","adidas Lifestyle Ultradream DNA Shoes Men Black JS0322","1.050.000","-30%","https://deo.shopeemobile.com/shopee/modules-federation/live/0/shopee__item-card-standard-v2/0.2.11/pc/d7099d3fd1dfdaf705ab.svg","4.9","81 Terjual","https://deo.shopeemobile.com/shopee/modules-federation/live/0/shopee__item-card-standard-v2/0.2.11/pc/76dff349290d20891fc1.svg","4-6 Hari","Bekasi","https://shopee.co.id/find_similar_products?catid=100637&itemid=27936680554&shopid=270510657","https://deo.shopeemobile.com/shopee/modules-federation/live/0/shopee__item-card-standard-v2/0.2.11/pc/7c9110f78e069acbced7.png","Pilih 2, diskon 15%"
"https://shopee.co.id/ADIDAS-Sepatu-COURTQUICK-PADEL-JR4648-ORIGINAL-i.402386660.54102859912?extraParams=%7B%22display_model_id%22%3A335276309923%2C%22model_selection_logic%22%3A3%7D&sp_atk=184ef777-6f41-4a19-b53c-0efea2e160f9&xptdk=184ef777-6f41-4a19-b53c-0efea2e160f9","https://down-id.img.susercontent.com/file/sg-11134275-822y1-mi2rz7a655ac67","https://down-id.img.susercontent.com/file/id-11134258-822wr-mlx67rtd6r602f","ADIDAS Sepatu COURTQUICK PADEL JR4648 ORIGINAL","1.449.900","-3%","https://deo.shopeemobile.com/shopee/modules-federation/live/0/shopee__item-card-standard-v2/0.2.11/pc/d7099d3fd1dfdaf705ab.svg","4.9","904 Terjual","https://deo.shopeemobile.com/shopee/modules-federation/live/0/shopee__item-card-standard-v2/0.2.11/pc/76dff349290d20891fc1.svg","3-5 Hari","Bekasi","https://shopee.co.id/find_similar_products?catid=100637&itemid=54102859912&shopid=402386660","https://deo.shopeemobile.com/shopee/modules-federation/live/0/shopee__item-card-standard-v2/0.2.11/pc/7c9110f78e069acbced7.png",""
"https://shopee.co.id/ADIDAS-Sepatu-Training-Pria-RAPIDMOVE-GO-JQ3950-ORI-i.1023939633.58052867208?extraParams=%7B%22display_model_id%22%3A297249038341%2C%22model_selection_logic%22%3A3%7D&sp_atk=612c2047-cd8b-416b-81b5-be0f37174dcb&xptdk=612c2047-cd8b-416b-81b5-be0f37174dcb","https://down-id.img.susercontent.com/file/sg-11134275-822zg-mi2rheiyxnnoe9","https://down-id.img.susercontent.com/file/id-11134258-822wr-mlx67rtd6r602f","ADIDAS Sepatu Training Pria RAPIDMOVE GO JQ3950 ORI","880.000","-20%","https://deo.shopeemobile.com/shopee/modules-federation/live/0/shopee__item-card-standard-v2/0.2.11/pc/d7099d3fd1dfdaf705ab.svg","4.9","18 Terjual","https://deo.shopeemobile.com/shopee/modules-federation/live/0/shopee__item-card-standard-v2/0.2.11/pc/76dff349290d20891fc1.svg","3-5 Hari","Bekasi","https://shopee.co.id/find_similar_products?catid=100637&itemid=58052867208&shopid=1023939633","https://deo.shopeemobile.com/shopee/modules-federation/live/0/shopee__item-card-standard-v2/0.2.11/pc/7c9110f78e069acbced7.png",""
"https://shopee.co.id/adidas-Lifestyle-GRAND-COURT-BASE-3.0-Shoes-Men-Black-HQ0082-i.270510657.52000447808?extraParams=%7B%22display_model_id%22%3A244070633471%2C%22model_selection_logic%22%3A3%7D&sp_atk=d91c54ef-7a12-4dec-a3f0-0c341f7be4e5&xptdk=d91c54ef-7a12-4dec-a3f0-0c341f7be4e5","https://down-id.img.susercontent.com/file/sg-11134201-8261q-mkdi34uejocgda","https://down-id.img.susercontent.com/file/id-11134258-822wr-mlx5y0tebegw04","adidas Lifestyle GRAND COURT BASE 3.0 Shoes Men Black HQ0082","855.000","-10%","https://deo.shopeemobile.com/shopee/modules-federation/live/0/shopee__item-card-standard-v2/0.2.11/pc/d7099d3fd1dfdaf705ab.svg","5.0","9 Terjual","https://deo.shopeemobile.com/shopee/modules-federation/live/0/shopee__item-card-standard-v2/0.2.11/pc/76dff349290d20891fc1.svg","4-6 Hari","Bekasi","https://shopee.co.id/find_similar_products?catid=100637&itemid=52000447808&shopid=270510657","https://deo.shopeemobile.com/shopee/modules-federation/live/0/shopee__item-card-standard-v2/0.2.11/pc/7c9110f78e069acbced7.png","Pilih 2, diskon 15%"
"https://shopee.co.id/adidas-Running-GALAXY-RUNNING-SHOES-Men-Pink-KJ3488-i.270510657.53301008395?extraParams=%7B%22display_model_id%22%3A350090760806%2C%22model_selection_logic%22%3A3%7D&sp_atk=c0539773-fc25-4464-a920-5aa3b61e50e5&xptdk=c0539773-fc25-4464-a920-5aa3b61e50e5","https://down-id.img.susercontent.com/file/sg-11134201-821fj-mgsqkxfjbtajba","https://down-id.img.susercontent.com/file/id-11134258-822wr-mlx5y0tebegw04","adidas Running GALAXY RUNNING SHOES Men Pink KJ3488","650.000","","https://deo.shopeemobile.com/shopee/modules-federation/live/0/shopee__item-card-standard-v2/0.2.11/pc/d7099d3fd1dfdaf705ab.svg","5.0","29 Terjual","https://deo.shopeemobile.com/shopee/modules-federation/live/0/shopee__item-card-standard-v2/0.2.11/pc/76dff349290d20891fc1.svg","4-6 Hari","Bekasi","https://shopee.co.id/find_similar_products?catid=100637&itemid=53301008395&shopid=270510657","https://deo.shopeemobile.com/shopee/modules-federation/live/0/shopee__item-card-standard-v2/0.2.11/pc/7c9110f78e069acbced7.png",""
"https://shopee.co.id/adidas-Lifestyle-Adizero-Aruku-Shoes-Unisex-White-JR1611-i.270510657.28690515221?extraParams=%7B%22display_model_id%22%3A286260724119%2C%22model_selection_logic%22%3A3%7D&sp_atk=6f9d45de-fb5a-4336-b822-4378ab223f19&xptdk=6f9d45de-fb5a-4336-b822-4378ab223f19","https://down-id.img.susercontent.com/file/sg-11134201-824il-mdwrmw4frfuu00","https://down-id.img.susercontent.com/file/id-11134258-822wr-mlx5y0tebegw04","adidas Lifestyle Adizero Aruku Shoes Unisex White JR1611","1.396.500","-34%","https://deo.shopeemobile.com/shopee/modules-federation/live/0/shopee__item-card-standard-v2/0.2.11/pc/d7099d3fd1dfdaf705ab.svg","5.0","203 Terjual","https://deo.shopeemobile.com/shopee/modules-federation/live/0/shopee__item-card-standard-v2/0.2.11/pc/76dff349290d20891fc1.svg","4-6 Hari","Bekasi","https://shopee.co.id/find_similar_products?catid=100637&itemid=28690515221&shopid=270510657","https://deo.shopeemobile.com/shopee/modules-federation/live/0/shopee__item-card-standard-v2/0.2.11/pc/7c9110f78e069acbced7.png","Pilih 2, diskon 15%"
"https://shopee.co.id/adidas-Lifestyle-Running-Lite-Racer-CLN-2.0-Shoes-Men-Black-GZ2813-i.270510657.27518084843?extraParams=%7B%22display_model_id%22%3A197989509459%2C%22model_selection_logic%22%3A3%7D&sp_atk=58de19a1-06e4-477c-b4e7-bd2364b8a8b8&xptdk=58de19a1-06e4-477c-b4e7-bd2364b8a8b8","https://down-id.img.susercontent.com/file/id-11134201-7rbkd-mauqygcxfkvf0b","https://down-id.img.susercontent.com/file/id-11134258-822wr-mlx5y0tebegw04","adidas Lifestyle & Running Lite Racer CLN 2.0 Shoes Men Black GZ2813","630.000","-30%","https://deo.shopeemobile.com/shopee/modules-federation/live/0/shopee__item-card-standard-v2/0.2.11/pc/d7099d3fd1dfdaf705ab.svg","4.9","2RB+ Terjual","https://deo.shopeemobile.com/shopee/modules-federation/live/0/shopee__item-card-standard-v2/0.2.11/pc/76dff349290d20891fc1.svg","4-6 Hari","Bekasi","https://shopee.co.id/find_similar_products?catid=100012&itemid=27518084843&shopid=270510657","https://deo.shopeemobile.com/shopee/modules-federation/live/0/shopee__item-card-standard-v2/0.2.11/pc/7c9110f78e069acbced7.png","Pilih 2, diskon 15%"
"https://shopee.co.id/adidas-Lifestyle-SL-72-RS-SHOES-Men-Blue-JQ9824-i.270510657.40173767884?extraParams=%7B%22display_model_id%22%3A286930540050%2C%22model_selection_logic%22%3A3%7D&sp_atk=c12700fb-1b8f-4484-899e-9f16bdf40b27&xptdk=c12700fb-1b8f-4484-899e-9f16bdf40b27","https://down-id.img.susercontent.com/file/sg-11134201-824ha-mfqdqm6phonc94","https://down-id.img.susercontent.com/file/id-11134258-822wr-mlx5y0tebegw04","adidas Lifestyle SL 72 RS SHOES Men Blue JQ9824","1.800.000","","https://deo.shopeemobile.com/shopee/modules-federation/live/0/shopee__item-card-standard-v2/0.2.11/pc/d7099d3fd1dfdaf705ab.svg","4.9","19 Terjual","https://deo.shopeemobile.com/shopee/modules-federation/live/0/shopee__item-card-standard-v2/0.2.11/pc/76dff349290d20891fc1.svg","4-6 Hari","Bekasi","https://shopee.co.id/find_similar_products?catid=100637&itemid=40173767884&shopid=270510657","https://deo.shopeemobile.com/shopee/modules-federation/live/0/shopee__item-card-standard-v2/0.2.11/pc/7c9110f78e069acbced7.png",""
"https://shopee.co.id/adidas-Tennis-Lifestyle-Courtblock-Shoes-Men-White-IF4033-i.270510657.27918083254?extraParams=%7B%22display_model_id%22%3A118515205840%2C%22model_selection_logic%22%3A3%7D&sp_atk=4a87d4a3-abef-4d1f-839b-2d260e24d09d&xptdk=4a87d4a3-abef-4d1f-839b-2d260e24d09d","https://down-id.img.susercontent.com/file/id-11134201-7rbk3-mauqugjfw5ua95","https://down-id.img.susercontent.com/file/id-11134258-822wr-mlx5y0tebegw04","adidas Tennis & Lifestyle Courtblock Shoes Men White IF4033","810.000","-10%","https://deo.shopeemobile.com/shopee/modules-federation/live/0/shopee__item-card-standard-v2/0.2.11/pc/d7099d3fd1dfdaf705ab.svg","5.0","349 Terjual","https://deo.shopeemobile.com/shopee/modules-federation/live/0/shopee__item-card-standard-v2/0.2.11/pc/76dff349290d20891fc1.svg","4-6 Hari","Bekasi","https://shopee.co.id/find_similar_products?catid=100637&itemid=27918083254&shopid=270510657","https://deo.shopeemobile.com/shopee/modules-federation/live/0/shopee__item-card-standard-v2/0.2.11/pc/7c9110f78e069acbced7.png","Pilih 2, diskon 15%"
"https://shopee.co.id/adidas-Running-Duramo-RC2-Running-Shoes-Men-Turquoise-JQ8076-i.270510657.42565252016?extraParams=%7B%22display_model_id%22%3A281260383379%2C%22model_selection_logic%22%3A3%7D&sp_atk=e13b5d86-58c5-4107-a5ee-64838c6dad5f&xptdk=e13b5d86-58c5-4107-a5ee-64838c6dad5f","https://down-id.img.susercontent.com/file/sg-11134201-824ip-mdwpy3oggq2r53","https://down-id.img.susercontent.com/file/id-11134258-822wr-mlx5y0tebegw04","adidas Running Duramo RC2 Running Shoes Men Turquoise JQ8076","510.000","-40%","https://deo.shopeemobile.com/shopee/modules-federation/live/0/shopee__item-card-standard-v2/0.2.11/pc/d7099d3fd1dfdaf705ab.svg","5.0","430 Terjual","https://deo.shopeemobile.com/shopee/modules-federation/live/0/shopee__item-card-standard-v2/0.2.11/pc/76dff349290d20891fc1.svg","4-6 Hari","Bekasi","https://shopee.co.id/find_similar_products?catid=100637&itemid=42565252016&shopid=270510657","https://deo.shopeemobile.com/shopee/modules-federation/live/0/shopee__item-card-standard-v2/0.2.11/pc/7c9110f78e069acbced7.png","Pilih 2, diskon 15%"